symbol	source
ABL1	HALLMARK_E2F_TARGETS ∪ HALLMARK_G2M_CHECKPOINT (b3_gslib_HALLMARK.gmt)
AK2	HALLMARK_E2F_TARGETS ∪ HALLMARK_G2M_CHECKPOINT (b3_gslib_HALLMARK.gmt)
AMD1	HALLMARK_E2F_TARGETS ∪ HALLMARK_G2M_CHECKPOINT (b3_gslib_HALLMARK.gmt)
ANP32E	HALLMARK_E2F_TARGETS ∪ HALLMARK_G2M_CHECKPOINT (b3_gslib_HALLMARK.gmt)
ARID4A	HALLMARK_E2F_TARGETS ∪ HALLMARK_G2M_CHECKPOINT (b3_gslib_HALLMARK.gmt)
ASF1A	HALLMARK_E2F_TARGETS ∪ HALLMARK_G2M_CHECKPOINT (b3_gslib_HALLMARK.gmt)
ASF1B	HALLMARK_E2F_TARGETS ∪ HALLMARK_G2M_CHECKPOINT (b3_gslib_HALLMARK.gmt)
ATAD2	HALLMARK_E2F_TARGETS ∪ HALLMARK_G2M_CHECKPOINT (b3_gslib_HALLMARK.gmt)
ATF5	HALLMARK_E2F_TARGETS ∪ HALLMARK_G2M_CHECKPOINT (b3_gslib_HALLMARK.gmt)
ATRX	HALLMARK_E2F_TARGETS ∪ HALLMARK_G2M_CHECKPOINT (b3_gslib_HALLMARK.gmt)
AURKA	HALLMARK_E2F_TARGETS ∪ HALLMARK_G2M_CHECKPOINT (b3_gslib_HALLMARK.gmt)
AURKB	HALLMARK_E2F_TARGETS ∪ HALLMARK_G2M_CHECKPOINT (b3_gslib_HALLMARK.gmt)
BARD1	HALLMARK_E2F_TARGETS ∪ HALLMARK_G2M_CHECKPOINT (b3_gslib_HALLMARK.gmt)
BCL3	HALLMARK_E2F_TARGETS ∪ HALLMARK_G2M_CHECKPOINT (b3_gslib_HALLMARK.gmt)
BIRC5	HALLMARK_E2F_TARGETS ∪ HALLMARK_G2M_CHECKPOINT (b3_gslib_HALLMARK.gmt)
BRCA1	HALLMARK_E2F_TARGETS ∪ HALLMARK_G2M_CHECKPOINT (b3_gslib_HALLMARK.gmt)
BRCA2	HALLMARK_E2F_TARGETS ∪ HALLMARK_G2M_CHECKPOINT (b3_gslib_HALLMARK.gmt)
BRMS1L	HALLMARK_E2F_TARGETS ∪ HALLMARK_G2M_CHECKPOINT (b3_gslib_HALLMARK.gmt)
BUB1	HALLMARK_E2F_TARGETS ∪ HALLMARK_G2M_CHECKPOINT (b3_gslib_HALLMARK.gmt)
BUB1B	HALLMARK_E2F_TARGETS ∪ HALLMARK_G2M_CHECKPOINT (b3_gslib_HALLMARK.gmt)
BUB3	HALLMARK_E2F_TARGETS ∪ HALLMARK_G2M_CHECKPOINT (b3_gslib_HALLMARK.gmt)
CASP8AP2	HALLMARK_E2F_TARGETS ∪ HALLMARK_G2M_CHECKPOINT (b3_gslib_HALLMARK.gmt)
CBX1	HALLMARK_E2F_TARGETS ∪ HALLMARK_G2M_CHECKPOINT (b3_gslib_HALLMARK.gmt)
CBX5	HALLMARK_E2F_TARGETS ∪ HALLMARK_G2M_CHECKPOINT (b3_gslib_HALLMARK.gmt)
CCNA2	HALLMARK_E2F_TARGETS ∪ HALLMARK_G2M_CHECKPOINT (b3_gslib_HALLMARK.gmt)
CCNB2	HALLMARK_E2F_TARGETS ∪ HALLMARK_G2M_CHECKPOINT (b3_gslib_HALLMARK.gmt)
CCND1	HALLMARK_E2F_TARGETS ∪ HALLMARK_G2M_CHECKPOINT (b3_gslib_HALLMARK.gmt)
CCNE1	HALLMARK_E2F_TARGETS ∪ HALLMARK_G2M_CHECKPOINT (b3_gslib_HALLMARK.gmt)
CCNF	HALLMARK_E2F_TARGETS ∪ HALLMARK_G2M_CHECKPOINT (b3_gslib_HALLMARK.gmt)
CCNT1	HALLMARK_E2F_TARGETS ∪ HALLMARK_G2M_CHECKPOINT (b3_gslib_HALLMARK.gmt)
CCP110	HALLMARK_E2F_TARGETS ∪ HALLMARK_G2M_CHECKPOINT (b3_gslib_HALLMARK.gmt)
CDC20	HALLMARK_E2F_TARGETS ∪ HALLMARK_G2M_CHECKPOINT (b3_gslib_HALLMARK.gmt)
CDC25A	HALLMARK_E2F_TARGETS ∪ HALLMARK_G2M_CHECKPOINT (b3_gslib_HALLMARK.gmt)
CDC25B	HALLMARK_E2F_TARGETS ∪ HALLMARK_G2M_CHECKPOINT (b3_gslib_HALLMARK.gmt)
CDC27	HALLMARK_E2F_TARGETS ∪ HALLMARK_G2M_CHECKPOINT (b3_gslib_HALLMARK.gmt)
CDC45	HALLMARK_E2F_TARGETS ∪ HALLMARK_G2M_CHECKPOINT (b3_gslib_HALLMARK.gmt)
CDC6	HALLMARK_E2F_TARGETS ∪ HALLMARK_G2M_CHECKPOINT (b3_gslib_HALLMARK.gmt)
CDC7	HALLMARK_E2F_TARGETS ∪ HALLMARK_G2M_CHECKPOINT (b3_gslib_HALLMARK.gmt)
CDCA3	HALLMARK_E2F_TARGETS ∪ HALLMARK_G2M_CHECKPOINT (b3_gslib_HALLMARK.gmt)
CDCA8	HALLMARK_E2F_TARGETS ∪ HALLMARK_G2M_CHECKPOINT (b3_gslib_HALLMARK.gmt)
CDK1	HALLMARK_E2F_TARGETS ∪ HALLMARK_G2M_CHECKPOINT (b3_gslib_HALLMARK.gmt)
CDK4	HALLMARK_E2F_TARGETS ∪ HALLMARK_G2M_CHECKPOINT (b3_gslib_HALLMARK.gmt)
CDKN1A	HALLMARK_E2F_TARGETS ∪ HALLMARK_G2M_CHECKPOINT (b3_gslib_HALLMARK.gmt)
CDKN1B	HALLMARK_E2F_TARGETS ∪ HALLMARK_G2M_CHECKPOINT (b3_gslib_HALLMARK.gmt)
CDKN2A	HALLMARK_E2F_TARGETS ∪ HALLMARK_G2M_CHECKPOINT (b3_gslib_HALLMARK.gmt)
CDKN2C	HALLMARK_E2F_TARGETS ∪ HALLMARK_G2M_CHECKPOINT (b3_gslib_HALLMARK.gmt)
CDKN3	HALLMARK_E2F_TARGETS ∪ HALLMARK_G2M_CHECKPOINT (b3_gslib_HALLMARK.gmt)
CENPA	HALLMARK_E2F_TARGETS ∪ HALLMARK_G2M_CHECKPOINT (b3_gslib_HALLMARK.gmt)
CENPE	HALLMARK_E2F_TARGETS ∪ HALLMARK_G2M_CHECKPOINT (b3_gslib_HALLMARK.gmt)
CENPF	HALLMARK_E2F_TARGETS ∪ HALLMARK_G2M_CHECKPOINT (b3_gslib_HALLMARK.gmt)
CENPM	HALLMARK_E2F_TARGETS ∪ HALLMARK_G2M_CHECKPOINT (b3_gslib_HALLMARK.gmt)
CHAF1A	HALLMARK_E2F_TARGETS ∪ HALLMARK_G2M_CHECKPOINT (b3_gslib_HALLMARK.gmt)
CHEK1	HALLMARK_E2F_TARGETS ∪ HALLMARK_G2M_CHECKPOINT (b3_gslib_HALLMARK.gmt)
CHEK2	HALLMARK_E2F_TARGETS ∪ HALLMARK_G2M_CHECKPOINT (b3_gslib_HALLMARK.gmt)
CHMP1A	HALLMARK_E2F_TARGETS ∪ HALLMARK_G2M_CHECKPOINT (b3_gslib_HALLMARK.gmt)
CIT	HALLMARK_E2F_TARGETS ∪ HALLMARK_G2M_CHECKPOINT (b3_gslib_HALLMARK.gmt)
CKS1B	HALLMARK_E2F_TARGETS ∪ HALLMARK_G2M_CHECKPOINT (b3_gslib_HALLMARK.gmt)
CKS2	HALLMARK_E2F_TARGETS ∪ HALLMARK_G2M_CHECKPOINT (b3_gslib_HALLMARK.gmt)
CNOT9	HALLMARK_E2F_TARGETS ∪ HALLMARK_G2M_CHECKPOINT (b3_gslib_HALLMARK.gmt)
CSE1L	HALLMARK_E2F_TARGETS ∪ HALLMARK_G2M_CHECKPOINT (b3_gslib_HALLMARK.gmt)
CTCF	HALLMARK_E2F_TARGETS ∪ HALLMARK_G2M_CHECKPOINT (b3_gslib_HALLMARK.gmt)
CTPS1	HALLMARK_E2F_TARGETS ∪ HALLMARK_G2M_CHECKPOINT (b3_gslib_HALLMARK.gmt)
CUL1	HALLMARK_E2F_TARGETS ∪ HALLMARK_G2M_CHECKPOINT (b3_gslib_HALLMARK.gmt)
CUL3	HALLMARK_E2F_TARGETS ∪ HALLMARK_G2M_CHECKPOINT (b3_gslib_HALLMARK.gmt)
CUL4A	HALLMARK_E2F_TARGETS ∪ HALLMARK_G2M_CHECKPOINT (b3_gslib_HALLMARK.gmt)
CUL5	HALLMARK_E2F_TARGETS ∪ HALLMARK_G2M_CHECKPOINT (b3_gslib_HALLMARK.gmt)
DBF4	HALLMARK_E2F_TARGETS ∪ HALLMARK_G2M_CHECKPOINT (b3_gslib_HALLMARK.gmt)
DCK	HALLMARK_E2F_TARGETS ∪ HALLMARK_G2M_CHECKPOINT (b3_gslib_HALLMARK.gmt)
DCLRE1B	HALLMARK_E2F_TARGETS ∪ HALLMARK_G2M_CHECKPOINT (b3_gslib_HALLMARK.gmt)
DCTPP1	HALLMARK_E2F_TARGETS ∪ HALLMARK_G2M_CHECKPOINT (b3_gslib_HALLMARK.gmt)
DDX39A	HALLMARK_E2F_TARGETS ∪ HALLMARK_G2M_CHECKPOINT (b3_gslib_HALLMARK.gmt)
DEK	HALLMARK_E2F_TARGETS ∪ HALLMARK_G2M_CHECKPOINT (b3_gslib_HALLMARK.gmt)
DEPDC1	HALLMARK_E2F_TARGETS ∪ HALLMARK_G2M_CHECKPOINT (b3_gslib_HALLMARK.gmt)
DIAPH3	HALLMARK_E2F_TARGETS ∪ HALLMARK_G2M_CHECKPOINT (b3_gslib_HALLMARK.gmt)
DKC1	HALLMARK_E2F_TARGETS ∪ HALLMARK_G2M_CHECKPOINT (b3_gslib_HALLMARK.gmt)
DLGAP5	HALLMARK_E2F_TARGETS ∪ HALLMARK_G2M_CHECKPOINT (b3_gslib_HALLMARK.gmt)
DMD	HALLMARK_E2F_TARGETS ∪ HALLMARK_G2M_CHECKPOINT (b3_gslib_HALLMARK.gmt)
DNMT1	HALLMARK_E2F_TARGETS ∪ HALLMARK_G2M_CHECKPOINT (b3_gslib_HALLMARK.gmt)
DONSON	HALLMARK_E2F_TARGETS ∪ HALLMARK_G2M_CHECKPOINT (b3_gslib_HALLMARK.gmt)
DR1	HALLMARK_E2F_TARGETS ∪ HALLMARK_G2M_CHECKPOINT (b3_gslib_HALLMARK.gmt)
DSCC1	HALLMARK_E2F_TARGETS ∪ HALLMARK_G2M_CHECKPOINT (b3_gslib_HALLMARK.gmt)
DTYMK	HALLMARK_E2F_TARGETS ∪ HALLMARK_G2M_CHECKPOINT (b3_gslib_HALLMARK.gmt)
DUT	HALLMARK_E2F_TARGETS ∪ HALLMARK_G2M_CHECKPOINT (b3_gslib_HALLMARK.gmt)
E2F1	HALLMARK_E2F_TARGETS ∪ HALLMARK_G2M_CHECKPOINT (b3_gslib_HALLMARK.gmt)
E2F2	HALLMARK_E2F_TARGETS ∪ HALLMARK_G2M_CHECKPOINT (b3_gslib_HALLMARK.gmt)
E2F3	HALLMARK_E2F_TARGETS ∪ HALLMARK_G2M_CHECKPOINT (b3_gslib_HALLMARK.gmt)
E2F4	HALLMARK_E2F_TARGETS ∪ HALLMARK_G2M_CHECKPOINT (b3_gslib_HALLMARK.gmt)
E2F8	HALLMARK_E2F_TARGETS ∪ HALLMARK_G2M_CHECKPOINT (b3_gslib_HALLMARK.gmt)
EED	HALLMARK_E2F_TARGETS ∪ HALLMARK_G2M_CHECKPOINT (b3_gslib_HALLMARK.gmt)
EFNA5	HALLMARK_E2F_TARGETS ∪ HALLMARK_G2M_CHECKPOINT (b3_gslib_HALLMARK.gmt)
EGF	HALLMARK_E2F_TARGETS ∪ HALLMARK_G2M_CHECKPOINT (b3_gslib_HALLMARK.gmt)
EIF2S1	HALLMARK_E2F_TARGETS ∪ HALLMARK_G2M_CHECKPOINT (b3_gslib_HALLMARK.gmt)
ESPL1	HALLMARK_E2F_TARGETS ∪ HALLMARK_G2M_CHECKPOINT (b3_gslib_HALLMARK.gmt)
EWSR1	HALLMARK_E2F_TARGETS ∪ HALLMARK_G2M_CHECKPOINT (b3_gslib_HALLMARK.gmt)
EXO1	HALLMARK_E2F_TARGETS ∪ HALLMARK_G2M_CHECKPOINT (b3_gslib_HALLMARK.gmt)
EXOSC8	HALLMARK_E2F_TARGETS ∪ HALLMARK_G2M_CHECKPOINT (b3_gslib_HALLMARK.gmt)
EZH2	HALLMARK_E2F_TARGETS ∪ HALLMARK_G2M_CHECKPOINT (b3_gslib_HALLMARK.gmt)
FANCC	HALLMARK_E2F_TARGETS ∪ HALLMARK_G2M_CHECKPOINT (b3_gslib_HALLMARK.gmt)
FBXO5	HALLMARK_E2F_TARGETS ∪ HALLMARK_G2M_CHECKPOINT (b3_gslib_HALLMARK.gmt)
FOXN3	HALLMARK_E2F_TARGETS ∪ HALLMARK_G2M_CHECKPOINT (b3_gslib_HALLMARK.gmt)
G3BP1	HALLMARK_E2F_TARGETS ∪ HALLMARK_G2M_CHECKPOINT (b3_gslib_HALLMARK.gmt)
GINS1	HALLMARK_E2F_TARGETS ∪ HALLMARK_G2M_CHECKPOINT (b3_gslib_HALLMARK.gmt)
GINS2	HALLMARK_E2F_TARGETS ∪ HALLMARK_G2M_CHECKPOINT (b3_gslib_HALLMARK.gmt)
GINS3	HALLMARK_E2F_TARGETS ∪ HALLMARK_G2M_CHECKPOINT (b3_gslib_HALLMARK.gmt)
GINS4	HALLMARK_E2F_TARGETS ∪ HALLMARK_G2M_CHECKPOINT (b3_gslib_HALLMARK.gmt)
GSPT1	HALLMARK_E2F_TARGETS ∪ HALLMARK_G2M_CHECKPOINT (b3_gslib_HALLMARK.gmt)
H2AX	HALLMARK_E2F_TARGETS ∪ HALLMARK_G2M_CHECKPOINT (b3_gslib_HALLMARK.gmt)
H2AZ1	HALLMARK_E2F_TARGETS ∪ HALLMARK_G2M_CHECKPOINT (b3_gslib_HALLMARK.gmt)
H2AZ2	HALLMARK_E2F_TARGETS ∪ HALLMARK_G2M_CHECKPOINT (b3_gslib_HALLMARK.gmt)
H2BC12	HALLMARK_E2F_TARGETS ∪ HALLMARK_G2M_CHECKPOINT (b3_gslib_HALLMARK.gmt)
HELLS	HALLMARK_E2F_TARGETS ∪ HALLMARK_G2M_CHECKPOINT (b3_gslib_HALLMARK.gmt)
HIF1A	HALLMARK_E2F_TARGETS ∪ HALLMARK_G2M_CHECKPOINT (b3_gslib_HALLMARK.gmt)
HIRA	HALLMARK_E2F_TARGETS ∪ HALLMARK_G2M_CHECKPOINT (b3_gslib_HALLMARK.gmt)
HMGA1	HALLMARK_E2F_TARGETS ∪ HALLMARK_G2M_CHECKPOINT (b3_gslib_HALLMARK.gmt)
HMGB2	HALLMARK_E2F_TARGETS ∪ HALLMARK_G2M_CHECKPOINT (b3_gslib_HALLMARK.gmt)
HMGB3	HALLMARK_E2F_TARGETS ∪ HALLMARK_G2M_CHECKPOINT (b3_gslib_HALLMARK.gmt)
HMGN2	HALLMARK_E2F_TARGETS ∪ HALLMARK_G2M_CHECKPOINT (b3_gslib_HALLMARK.gmt)
HMMR	HALLMARK_E2F_TARGETS ∪ HALLMARK_G2M_CHECKPOINT (b3_gslib_HALLMARK.gmt)
HNRNPD	HALLMARK_E2F_TARGETS ∪ HALLMARK_G2M_CHECKPOINT (b3_gslib_HALLMARK.gmt)
HNRNPU	HALLMARK_E2F_TARGETS ∪ HALLMARK_G2M_CHECKPOINT (b3_gslib_HALLMARK.gmt)
HOXC10	HALLMARK_E2F_TARGETS ∪ HALLMARK_G2M_CHECKPOINT (b3_gslib_HALLMARK.gmt)
HSPA8	HALLMARK_E2F_TARGETS ∪ HALLMARK_G2M_CHECKPOINT (b3_gslib_HALLMARK.gmt)
HUS1	HALLMARK_E2F_TARGETS ∪ HALLMARK_G2M_CHECKPOINT (b3_gslib_HALLMARK.gmt)
ILF3	HALLMARK_E2F_TARGETS ∪ HALLMARK_G2M_CHECKPOINT (b3_gslib_HALLMARK.gmt)
INCENP	HALLMARK_E2F_TARGETS ∪ HALLMARK_G2M_CHECKPOINT (b3_gslib_HALLMARK.gmt)
ING3	HALLMARK_E2F_TARGETS ∪ HALLMARK_G2M_CHECKPOINT (b3_gslib_HALLMARK.gmt)
IPO7	HALLMARK_E2F_TARGETS ∪ HALLMARK_G2M_CHECKPOINT (b3_gslib_HALLMARK.gmt)
JPT1	HALLMARK_E2F_TARGETS ∪ HALLMARK_G2M_CHECKPOINT (b3_gslib_HALLMARK.gmt)
KATNA1	HALLMARK_E2F_TARGETS ∪ HALLMARK_G2M_CHECKPOINT (b3_gslib_HALLMARK.gmt)
KIF11	HALLMARK_E2F_TARGETS ∪ HALLMARK_G2M_CHECKPOINT (b3_gslib_HALLMARK.gmt)
KIF15	HALLMARK_E2F_TARGETS ∪ HALLMARK_G2M_CHECKPOINT (b3_gslib_HALLMARK.gmt)
KIF18B	HALLMARK_E2F_TARGETS ∪ HALLMARK_G2M_CHECKPOINT (b3_gslib_HALLMARK.gmt)
KIF20B	HALLMARK_E2F_TARGETS ∪ HALLMARK_G2M_CHECKPOINT (b3_gslib_HALLMARK.gmt)
KIF22	HALLMARK_E2F_TARGETS ∪ HALLMARK_G2M_CHECKPOINT (b3_gslib_HALLMARK.gmt)
KIF23	HALLMARK_E2F_TARGETS ∪ HALLMARK_G2M_CHECKPOINT (b3_gslib_HALLMARK.gmt)
KIF2C	HALLMARK_E2F_TARGETS ∪ HALLMARK_G2M_CHECKPOINT (b3_gslib_HALLMARK.gmt)
KIF4A	HALLMARK_E2F_TARGETS ∪ HALLMARK_G2M_CHECKPOINT (b3_gslib_HALLMARK.gmt)
KIF5B	HALLMARK_E2F_TARGETS ∪ HALLMARK_G2M_CHECKPOINT (b3_gslib_HALLMARK.gmt)
KMT5A	HALLMARK_E2F_TARGETS ∪ HALLMARK_G2M_CHECKPOINT (b3_gslib_HALLMARK.gmt)
KNL1	HALLMARK_E2F_TARGETS ∪ HALLMARK_G2M_CHECKPOINT (b3_gslib_HALLMARK.gmt)
KPNA2	HALLMARK_E2F_TARGETS ∪ HALLMARK_G2M_CHECKPOINT (b3_gslib_HALLMARK.gmt)
KPNB1	HALLMARK_E2F_TARGETS ∪ HALLMARK_G2M_CHECKPOINT (b3_gslib_HALLMARK.gmt)
LBR	HALLMARK_E2F_TARGETS ∪ HALLMARK_G2M_CHECKPOINT (b3_gslib_HALLMARK.gmt)
LIG1	HALLMARK_E2F_TARGETS ∪ HALLMARK_G2M_CHECKPOINT (b3_gslib_HALLMARK.gmt)
LIG3	HALLMARK_E2F_TARGETS ∪ HALLMARK_G2M_CHECKPOINT (b3_gslib_HALLMARK.gmt)
LMNB1	HALLMARK_E2F_TARGETS ∪ HALLMARK_G2M_CHECKPOINT (b3_gslib_HALLMARK.gmt)
LUC7L3	HALLMARK_E2F_TARGETS ∪ HALLMARK_G2M_CHECKPOINT (b3_gslib_HALLMARK.gmt)
LYAR	HALLMARK_E2F_TARGETS ∪ HALLMARK_G2M_CHECKPOINT (b3_gslib_HALLMARK.gmt)
MAD2L1	HALLMARK_E2F_TARGETS ∪ HALLMARK_G2M_CHECKPOINT (b3_gslib_HALLMARK.gmt)
MAP3K20	HALLMARK_E2F_TARGETS ∪ HALLMARK_G2M_CHECKPOINT (b3_gslib_HALLMARK.gmt)
MAPK14	HALLMARK_E2F_TARGETS ∪ HALLMARK_G2M_CHECKPOINT (b3_gslib_HALLMARK.gmt)
MARCKS	HALLMARK_E2F_TARGETS ∪ HALLMARK_G2M_CHECKPOINT (b3_gslib_HALLMARK.gmt)
MCM2	HALLMARK_E2F_TARGETS ∪ HALLMARK_G2M_CHECKPOINT (b3_gslib_HALLMARK.gmt)
MCM3	HALLMARK_E2F_TARGETS ∪ HALLMARK_G2M_CHECKPOINT (b3_gslib_HALLMARK.gmt)
MCM4	HALLMARK_E2F_TARGETS ∪ HALLMARK_G2M_CHECKPOINT (b3_gslib_HALLMARK.gmt)
MCM5	HALLMARK_E2F_TARGETS ∪ HALLMARK_G2M_CHECKPOINT (b3_gslib_HALLMARK.gmt)
MCM6	HALLMARK_E2F_TARGETS ∪ HALLMARK_G2M_CHECKPOINT (b3_gslib_HALLMARK.gmt)
MCM7	HALLMARK_E2F_TARGETS ∪ HALLMARK_G2M_CHECKPOINT (b3_gslib_HALLMARK.gmt)
MEIS1	HALLMARK_E2F_TARGETS ∪ HALLMARK_G2M_CHECKPOINT (b3_gslib_HALLMARK.gmt)
MEIS2	HALLMARK_E2F_TARGETS ∪ HALLMARK_G2M_CHECKPOINT (b3_gslib_HALLMARK.gmt)
MELK	HALLMARK_E2F_TARGETS ∪ HALLMARK_G2M_CHECKPOINT (b3_gslib_HALLMARK.gmt)
MKI67	HALLMARK_E2F_TARGETS ∪ HALLMARK_G2M_CHECKPOINT (b3_gslib_HALLMARK.gmt)
MLH1	HALLMARK_E2F_TARGETS ∪ HALLMARK_G2M_CHECKPOINT (b3_gslib_HALLMARK.gmt)
MMS22L	HALLMARK_E2F_TARGETS ∪ HALLMARK_G2M_CHECKPOINT (b3_gslib_HALLMARK.gmt)
MNAT1	HALLMARK_E2F_TARGETS ∪ HALLMARK_G2M_CHECKPOINT (b3_gslib_HALLMARK.gmt)
MRE11	HALLMARK_E2F_TARGETS ∪ HALLMARK_G2M_CHECKPOINT (b3_gslib_HALLMARK.gmt)
MSH2	HALLMARK_E2F_TARGETS ∪ HALLMARK_G2M_CHECKPOINT (b3_gslib_HALLMARK.gmt)
MT2A	HALLMARK_E2F_TARGETS ∪ HALLMARK_G2M_CHECKPOINT (b3_gslib_HALLMARK.gmt)
MTF2	HALLMARK_E2F_TARGETS ∪ HALLMARK_G2M_CHECKPOINT (b3_gslib_HALLMARK.gmt)
MTHFD2	HALLMARK_E2F_TARGETS ∪ HALLMARK_G2M_CHECKPOINT (b3_gslib_HALLMARK.gmt)
MXD3	HALLMARK_E2F_TARGETS ∪ HALLMARK_G2M_CHECKPOINT (b3_gslib_HALLMARK.gmt)
MYBL2	HALLMARK_E2F_TARGETS ∪ HALLMARK_G2M_CHECKPOINT (b3_gslib_HALLMARK.gmt)
MYC	HALLMARK_E2F_TARGETS ∪ HALLMARK_G2M_CHECKPOINT (b3_gslib_HALLMARK.gmt)
NAA38	HALLMARK_E2F_TARGETS ∪ HALLMARK_G2M_CHECKPOINT (b3_gslib_HALLMARK.gmt)
NAP1L1	HALLMARK_E2F_TARGETS ∪ HALLMARK_G2M_CHECKPOINT (b3_gslib_HALLMARK.gmt)
NASP	HALLMARK_E2F_TARGETS ∪ HALLMARK_G2M_CHECKPOINT (b3_gslib_HALLMARK.gmt)
NBN	HALLMARK_E2F_TARGETS ∪ HALLMARK_G2M_CHECKPOINT (b3_gslib_HALLMARK.gmt)
NCAPD2	HALLMARK_E2F_TARGETS ∪ HALLMARK_G2M_CHECKPOINT (b3_gslib_HALLMARK.gmt)
NCL	HALLMARK_E2F_TARGETS ∪ HALLMARK_G2M_CHECKPOINT (b3_gslib_HALLMARK.gmt)
NDC80	HALLMARK_E2F_TARGETS ∪ HALLMARK_G2M_CHECKPOINT (b3_gslib_HALLMARK.gmt)
NEK2	HALLMARK_E2F_TARGETS ∪ HALLMARK_G2M_CHECKPOINT (b3_gslib_HALLMARK.gmt)
NME1	HALLMARK_E2F_TARGETS ∪ HALLMARK_G2M_CHECKPOINT (b3_gslib_HALLMARK.gmt)
NOLC1	HALLMARK_E2F_TARGETS ∪ HALLMARK_G2M_CHECKPOINT (b3_gslib_HALLMARK.gmt)
NOP56	HALLMARK_E2F_TARGETS ∪ HALLMARK_G2M_CHECKPOINT (b3_gslib_HALLMARK.gmt)
NOTCH2	HALLMARK_E2F_TARGETS ∪ HALLMARK_G2M_CHECKPOINT (b3_gslib_HALLMARK.gmt)
NSD2	HALLMARK_E2F_TARGETS ∪ HALLMARK_G2M_CHECKPOINT (b3_gslib_HALLMARK.gmt)
NUDT21	HALLMARK_E2F_TARGETS ∪ HALLMARK_G2M_CHECKPOINT (b3_gslib_HALLMARK.gmt)
NUMA1	HALLMARK_E2F_TARGETS ∪ HALLMARK_G2M_CHECKPOINT (b3_gslib_HALLMARK.gmt)
NUP107	HALLMARK_E2F_TARGETS ∪ HALLMARK_G2M_CHECKPOINT (b3_gslib_HALLMARK.gmt)
NUP153	HALLMARK_E2F_TARGETS ∪ HALLMARK_G2M_CHECKPOINT (b3_gslib_HALLMARK.gmt)
NUP205	HALLMARK_E2F_TARGETS ∪ HALLMARK_G2M_CHECKPOINT (b3_gslib_HALLMARK.gmt)
NUP50	HALLMARK_E2F_TARGETS ∪ HALLMARK_G2M_CHECKPOINT (b3_gslib_HALLMARK.gmt)
NUP98	HALLMARK_E2F_TARGETS ∪ HALLMARK_G2M_CHECKPOINT (b3_gslib_HALLMARK.gmt)
NUSAP1	HALLMARK_E2F_TARGETS ∪ HALLMARK_G2M_CHECKPOINT (b3_gslib_HALLMARK.gmt)
ODC1	HALLMARK_E2F_TARGETS ∪ HALLMARK_G2M_CHECKPOINT (b3_gslib_HALLMARK.gmt)
ODF2	HALLMARK_E2F_TARGETS ∪ HALLMARK_G2M_CHECKPOINT (b3_gslib_HALLMARK.gmt)
ORC2	HALLMARK_E2F_TARGETS ∪ HALLMARK_G2M_CHECKPOINT (b3_gslib_HALLMARK.gmt)
ORC5	HALLMARK_E2F_TARGETS ∪ HALLMARK_G2M_CHECKPOINT (b3_gslib_HALLMARK.gmt)
ORC6	HALLMARK_E2F_TARGETS ∪ HALLMARK_G2M_CHECKPOINT (b3_gslib_HALLMARK.gmt)
PA2G4	HALLMARK_E2F_TARGETS ∪ HALLMARK_G2M_CHECKPOINT (b3_gslib_HALLMARK.gmt)
PAFAH1B1	HALLMARK_E2F_TARGETS ∪ HALLMARK_G2M_CHECKPOINT (b3_gslib_HALLMARK.gmt)
PAICS	HALLMARK_E2F_TARGETS ∪ HALLMARK_G2M_CHECKPOINT (b3_gslib_HALLMARK.gmt)
PAN2	HALLMARK_E2F_TARGETS ∪ HALLMARK_G2M_CHECKPOINT (b3_gslib_HALLMARK.gmt)
PBK	HALLMARK_E2F_TARGETS ∪ HALLMARK_G2M_CHECKPOINT (b3_gslib_HALLMARK.gmt)
PCNA	HALLMARK_E2F_TARGETS ∪ HALLMARK_G2M_CHECKPOINT (b3_gslib_HALLMARK.gmt)
PDS5B	HALLMARK_E2F_TARGETS ∪ HALLMARK_G2M_CHECKPOINT (b3_gslib_HALLMARK.gmt)
PHF5A	HALLMARK_E2F_TARGETS ∪ HALLMARK_G2M_CHECKPOINT (b3_gslib_HALLMARK.gmt)
PLK1	HALLMARK_E2F_TARGETS ∪ HALLMARK_G2M_CHECKPOINT (b3_gslib_HALLMARK.gmt)
PLK4	HALLMARK_E2F_TARGETS ∪ HALLMARK_G2M_CHECKPOINT (b3_gslib_HALLMARK.gmt)
PML	HALLMARK_E2F_TARGETS ∪ HALLMARK_G2M_CHECKPOINT (b3_gslib_HALLMARK.gmt)
PMS2	HALLMARK_E2F_TARGETS ∪ HALLMARK_G2M_CHECKPOINT (b3_gslib_HALLMARK.gmt)
PNN	HALLMARK_E2F_TARGETS ∪ HALLMARK_G2M_CHECKPOINT (b3_gslib_HALLMARK.gmt)
POLA2	HALLMARK_E2F_TARGETS ∪ HALLMARK_G2M_CHECKPOINT (b3_gslib_HALLMARK.gmt)
POLD1	HALLMARK_E2F_TARGETS ∪ HALLMARK_G2M_CHECKPOINT (b3_gslib_HALLMARK.gmt)
POLD2	HALLMARK_E2F_TARGETS ∪ HALLMARK_G2M_CHECKPOINT (b3_gslib_HALLMARK.gmt)
POLD3	HALLMARK_E2F_TARGETS ∪ HALLMARK_G2M_CHECKPOINT (b3_gslib_HALLMARK.gmt)
POLE	HALLMARK_E2F_TARGETS ∪ HALLMARK_G2M_CHECKPOINT (b3_gslib_HALLMARK.gmt)
POLE4	HALLMARK_E2F_TARGETS ∪ HALLMARK_G2M_CHECKPOINT (b3_gslib_HALLMARK.gmt)
POLQ	HALLMARK_E2F_TARGETS ∪ HALLMARK_G2M_CHECKPOINT (b3_gslib_HALLMARK.gmt)
POP7	HALLMARK_E2F_TARGETS ∪ HALLMARK_G2M_CHECKPOINT (b3_gslib_HALLMARK.gmt)
PPM1D	HALLMARK_E2F_TARGETS ∪ HALLMARK_G2M_CHECKPOINT (b3_gslib_HALLMARK.gmt)
PPP1R8	HALLMARK_E2F_TARGETS ∪ HALLMARK_G2M_CHECKPOINT (b3_gslib_HALLMARK.gmt)
PRC1	HALLMARK_E2F_TARGETS ∪ HALLMARK_G2M_CHECKPOINT (b3_gslib_HALLMARK.gmt)
PRDX4	HALLMARK_E2F_TARGETS ∪ HALLMARK_G2M_CHECKPOINT (b3_gslib_HALLMARK.gmt)
PRIM2	HALLMARK_E2F_TARGETS ∪ HALLMARK_G2M_CHECKPOINT (b3_gslib_HALLMARK.gmt)
PRKDC	HALLMARK_E2F_TARGETS ∪ HALLMARK_G2M_CHECKPOINT (b3_gslib_HALLMARK.gmt)
PRMT5	HALLMARK_E2F_TARGETS ∪ HALLMARK_G2M_CHECKPOINT (b3_gslib_HALLMARK.gmt)
PRPF4B	HALLMARK_E2F_TARGETS ∪ HALLMARK_G2M_CHECKPOINT (b3_gslib_HALLMARK.gmt)
PRPS1	HALLMARK_E2F_TARGETS ∪ HALLMARK_G2M_CHECKPOINT (b3_gslib_HALLMARK.gmt)
PSIP1	HALLMARK_E2F_TARGETS ∪ HALLMARK_G2M_CHECKPOINT (b3_gslib_HALLMARK.gmt)
PSMC3IP	HALLMARK_E2F_TARGETS ∪ HALLMARK_G2M_CHECKPOINT (b3_gslib_HALLMARK.gmt)
PTTG1	HALLMARK_E2F_TARGETS ∪ HALLMARK_G2M_CHECKPOINT (b3_gslib_HALLMARK.gmt)
PTTG3P	HALLMARK_E2F_TARGETS ∪ HALLMARK_G2M_CHECKPOINT (b3_gslib_HALLMARK.gmt)
PURA	HALLMARK_E2F_TARGETS ∪ HALLMARK_G2M_CHECKPOINT (b3_gslib_HALLMARK.gmt)
RACGAP1	HALLMARK_E2F_TARGETS ∪ HALLMARK_G2M_CHECKPOINT (b3_gslib_HALLMARK.gmt)
RAD1	HALLMARK_E2F_TARGETS ∪ HALLMARK_G2M_CHECKPOINT (b3_gslib_HALLMARK.gmt)
RAD21	HALLMARK_E2F_TARGETS ∪ HALLMARK_G2M_CHECKPOINT (b3_gslib_HALLMARK.gmt)
RAD23B	HALLMARK_E2F_TARGETS ∪ HALLMARK_G2M_CHECKPOINT (b3_gslib_HALLMARK.gmt)
RAD50	HALLMARK_E2F_TARGETS ∪ HALLMARK_G2M_CHECKPOINT (b3_gslib_HALLMARK.gmt)
RAD51AP1	HALLMARK_E2F_TARGETS ∪ HALLMARK_G2M_CHECKPOINT (b3_gslib_HALLMARK.gmt)
RAD51C	HALLMARK_E2F_TARGETS ∪ HALLMARK_G2M_CHECKPOINT (b3_gslib_HALLMARK.gmt)
RAD54L	HALLMARK_E2F_TARGETS ∪ HALLMARK_G2M_CHECKPOINT (b3_gslib_HALLMARK.gmt)
RAN	HALLMARK_E2F_TARGETS ∪ HALLMARK_G2M_CHECKPOINT (b3_gslib_HALLMARK.gmt)
RANBP1	HALLMARK_E2F_TARGETS ∪ HALLMARK_G2M_CHECKPOINT (b3_gslib_HALLMARK.gmt)
RASAL2	HALLMARK_E2F_TARGETS ∪ HALLMARK_G2M_CHECKPOINT (b3_gslib_HALLMARK.gmt)
RBBP7	HALLMARK_E2F_TARGETS ∪ HALLMARK_G2M_CHECKPOINT (b3_gslib_HALLMARK.gmt)
RBL1	HALLMARK_E2F_TARGETS ∪ HALLMARK_G2M_CHECKPOINT (b3_gslib_HALLMARK.gmt)
RBM14	HALLMARK_E2F_TARGETS ∪ HALLMARK_G2M_CHECKPOINT (b3_gslib_HALLMARK.gmt)
RFC1	HALLMARK_E2F_TARGETS ∪ HALLMARK_G2M_CHECKPOINT (b3_gslib_HALLMARK.gmt)
RFC2	HALLMARK_E2F_TARGETS ∪ HALLMARK_G2M_CHECKPOINT (b3_gslib_HALLMARK.gmt)
RFC3	HALLMARK_E2F_TARGETS ∪ HALLMARK_G2M_CHECKPOINT (b3_gslib_HALLMARK.gmt)
RNASEH2A	HALLMARK_E2F_TARGETS ∪ HALLMARK_G2M_CHECKPOINT (b3_gslib_HALLMARK.gmt)
RPA1	HALLMARK_E2F_TARGETS ∪ HALLMARK_G2M_CHECKPOINT (b3_gslib_HALLMARK.gmt)
RPA2	HALLMARK_E2F_TARGETS ∪ HALLMARK_G2M_CHECKPOINT (b3_gslib_HALLMARK.gmt)
RPA3	HALLMARK_E2F_TARGETS ∪ HALLMARK_G2M_CHECKPOINT (b3_gslib_HALLMARK.gmt)
RPS6KA5	HALLMARK_E2F_TARGETS ∪ HALLMARK_G2M_CHECKPOINT (b3_gslib_HALLMARK.gmt)
RRM2	HALLMARK_E2F_TARGETS ∪ HALLMARK_G2M_CHECKPOINT (b3_gslib_HALLMARK.gmt)
SAP30	HALLMARK_E2F_TARGETS ∪ HALLMARK_G2M_CHECKPOINT (b3_gslib_HALLMARK.gmt)
SFPQ	HALLMARK_E2F_TARGETS ∪ HALLMARK_G2M_CHECKPOINT (b3_gslib_HALLMARK.gmt)
SHMT1	HALLMARK_E2F_TARGETS ∪ HALLMARK_G2M_CHECKPOINT (b3_gslib_HALLMARK.gmt)
SLBP	HALLMARK_E2F_TARGETS ∪ HALLMARK_G2M_CHECKPOINT (b3_gslib_HALLMARK.gmt)
SLC12A2	HALLMARK_E2F_TARGETS ∪ HALLMARK_G2M_CHECKPOINT (b3_gslib_HALLMARK.gmt)
SLC38A1	HALLMARK_E2F_TARGETS ∪ HALLMARK_G2M_CHECKPOINT (b3_gslib_HALLMARK.gmt)
SLC7A1	HALLMARK_E2F_TARGETS ∪ HALLMARK_G2M_CHECKPOINT (b3_gslib_HALLMARK.gmt)
SLC7A5	HALLMARK_E2F_TARGETS ∪ HALLMARK_G2M_CHECKPOINT (b3_gslib_HALLMARK.gmt)
SMAD3	HALLMARK_E2F_TARGETS ∪ HALLMARK_G2M_CHECKPOINT (b3_gslib_HALLMARK.gmt)
SMARCC1	HALLMARK_E2F_TARGETS ∪ HALLMARK_G2M_CHECKPOINT (b3_gslib_HALLMARK.gmt)
SMC1A	HALLMARK_E2F_TARGETS ∪ HALLMARK_G2M_CHECKPOINT (b3_gslib_HALLMARK.gmt)
SMC2	HALLMARK_E2F_TARGETS ∪ HALLMARK_G2M_CHECKPOINT (b3_gslib_HALLMARK.gmt)
SMC3	HALLMARK_E2F_TARGETS ∪ HALLMARK_G2M_CHECKPOINT (b3_gslib_HALLMARK.gmt)
SMC4	HALLMARK_E2F_TARGETS ∪ HALLMARK_G2M_CHECKPOINT (b3_gslib_HALLMARK.gmt)
SMC6	HALLMARK_E2F_TARGETS ∪ HALLMARK_G2M_CHECKPOINT (b3_gslib_HALLMARK.gmt)
SNRPB	HALLMARK_E2F_TARGETS ∪ HALLMARK_G2M_CHECKPOINT (b3_gslib_HALLMARK.gmt)
SNRPD1	HALLMARK_E2F_TARGETS ∪ HALLMARK_G2M_CHECKPOINT (b3_gslib_HALLMARK.gmt)
SPAG5	HALLMARK_E2F_TARGETS ∪ HALLMARK_G2M_CHECKPOINT (b3_gslib_HALLMARK.gmt)
SPC24	HALLMARK_E2F_TARGETS ∪ HALLMARK_G2M_CHECKPOINT (b3_gslib_HALLMARK.gmt)
SPC25	HALLMARK_E2F_TARGETS ∪ HALLMARK_G2M_CHECKPOINT (b3_gslib_HALLMARK.gmt)
SQLE	HALLMARK_E2F_TARGETS ∪ HALLMARK_G2M_CHECKPOINT (b3_gslib_HALLMARK.gmt)
SRSF1	HALLMARK_E2F_TARGETS ∪ HALLMARK_G2M_CHECKPOINT (b3_gslib_HALLMARK.gmt)
SRSF10	HALLMARK_E2F_TARGETS ∪ HALLMARK_G2M_CHECKPOINT (b3_gslib_HALLMARK.gmt)
SRSF2	HALLMARK_E2F_TARGETS ∪ HALLMARK_G2M_CHECKPOINT (b3_gslib_HALLMARK.gmt)
SS18	HALLMARK_E2F_TARGETS ∪ HALLMARK_G2M_CHECKPOINT (b3_gslib_HALLMARK.gmt)
SSRP1	HALLMARK_E2F_TARGETS ∪ HALLMARK_G2M_CHECKPOINT (b3_gslib_HALLMARK.gmt)
STAG1	HALLMARK_E2F_TARGETS ∪ HALLMARK_G2M_CHECKPOINT (b3_gslib_HALLMARK.gmt)
STIL	HALLMARK_E2F_TARGETS ∪ HALLMARK_G2M_CHECKPOINT (b3_gslib_HALLMARK.gmt)
STMN1	HALLMARK_E2F_TARGETS ∪ HALLMARK_G2M_CHECKPOINT (b3_gslib_HALLMARK.gmt)
SUV39H1	HALLMARK_E2F_TARGETS ∪ HALLMARK_G2M_CHECKPOINT (b3_gslib_HALLMARK.gmt)
SYNCRIP	HALLMARK_E2F_TARGETS ∪ HALLMARK_G2M_CHECKPOINT (b3_gslib_HALLMARK.gmt)
TACC3	HALLMARK_E2F_TARGETS ∪ HALLMARK_G2M_CHECKPOINT (b3_gslib_HALLMARK.gmt)
TBRG4	HALLMARK_E2F_TARGETS ∪ HALLMARK_G2M_CHECKPOINT (b3_gslib_HALLMARK.gmt)
TCF19	HALLMARK_E2F_TARGETS ∪ HALLMARK_G2M_CHECKPOINT (b3_gslib_HALLMARK.gmt)
TENT4A	HALLMARK_E2F_TARGETS ∪ HALLMARK_G2M_CHECKPOINT (b3_gslib_HALLMARK.gmt)
TFDP1	HALLMARK_E2F_TARGETS ∪ HALLMARK_G2M_CHECKPOINT (b3_gslib_HALLMARK.gmt)
TFRC	HALLMARK_E2F_TARGETS ∪ HALLMARK_G2M_CHECKPOINT (b3_gslib_HALLMARK.gmt)
TGFB1	HALLMARK_E2F_TARGETS ∪ HALLMARK_G2M_CHECKPOINT (b3_gslib_HALLMARK.gmt)
TIMELESS	HALLMARK_E2F_TARGETS ∪ HALLMARK_G2M_CHECKPOINT (b3_gslib_HALLMARK.gmt)
TIPIN	HALLMARK_E2F_TARGETS ∪ HALLMARK_G2M_CHECKPOINT (b3_gslib_HALLMARK.gmt)
TK1	HALLMARK_E2F_TARGETS ∪ HALLMARK_G2M_CHECKPOINT (b3_gslib_HALLMARK.gmt)
TLE3	HALLMARK_E2F_TARGETS ∪ HALLMARK_G2M_CHECKPOINT (b3_gslib_HALLMARK.gmt)
TMPO	HALLMARK_E2F_TARGETS ∪ HALLMARK_G2M_CHECKPOINT (b3_gslib_HALLMARK.gmt)
TNPO2	HALLMARK_E2F_TARGETS ∪ HALLMARK_G2M_CHECKPOINT (b3_gslib_HALLMARK.gmt)
TOP1	HALLMARK_E2F_TARGETS ∪ HALLMARK_G2M_CHECKPOINT (b3_gslib_HALLMARK.gmt)
TOP2A	HALLMARK_E2F_TARGETS ∪ HALLMARK_G2M_CHECKPOINT (b3_gslib_HALLMARK.gmt)
TP53	HALLMARK_E2F_TARGETS ∪ HALLMARK_G2M_CHECKPOINT (b3_gslib_HALLMARK.gmt)
TPX2	HALLMARK_E2F_TARGETS ∪ HALLMARK_G2M_CHECKPOINT (b3_gslib_HALLMARK.gmt)
TRA2B	HALLMARK_E2F_TARGETS ∪ HALLMARK_G2M_CHECKPOINT (b3_gslib_HALLMARK.gmt)
TRAIP	HALLMARK_E2F_TARGETS ∪ HALLMARK_G2M_CHECKPOINT (b3_gslib_HALLMARK.gmt)
TRIP13	HALLMARK_E2F_TARGETS ∪ HALLMARK_G2M_CHECKPOINT (b3_gslib_HALLMARK.gmt)
TROAP	HALLMARK_E2F_TARGETS ∪ HALLMARK_G2M_CHECKPOINT (b3_gslib_HALLMARK.gmt)
TTK	HALLMARK_E2F_TARGETS ∪ HALLMARK_G2M_CHECKPOINT (b3_gslib_HALLMARK.gmt)
TUBB	HALLMARK_E2F_TARGETS ∪ HALLMARK_G2M_CHECKPOINT (b3_gslib_HALLMARK.gmt)
TUBG1	HALLMARK_E2F_TARGETS ∪ HALLMARK_G2M_CHECKPOINT (b3_gslib_HALLMARK.gmt)
UBE2C	HALLMARK_E2F_TARGETS ∪ HALLMARK_G2M_CHECKPOINT (b3_gslib_HALLMARK.gmt)
UBE2S	HALLMARK_E2F_TARGETS ∪ HALLMARK_G2M_CHECKPOINT (b3_gslib_HALLMARK.gmt)
UBE2T	HALLMARK_E2F_TARGETS ∪ HALLMARK_G2M_CHECKPOINT (b3_gslib_HALLMARK.gmt)
UBR7	HALLMARK_E2F_TARGETS ∪ HALLMARK_G2M_CHECKPOINT (b3_gslib_HALLMARK.gmt)
UCK2	HALLMARK_E2F_TARGETS ∪ HALLMARK_G2M_CHECKPOINT (b3_gslib_HALLMARK.gmt)
UNG	HALLMARK_E2F_TARGETS ∪ HALLMARK_G2M_CHECKPOINT (b3_gslib_HALLMARK.gmt)
UPF1	HALLMARK_E2F_TARGETS ∪ HALLMARK_G2M_CHECKPOINT (b3_gslib_HALLMARK.gmt)
USP1	HALLMARK_E2F_TARGETS ∪ HALLMARK_G2M_CHECKPOINT (b3_gslib_HALLMARK.gmt)
WDR90	HALLMARK_E2F_TARGETS ∪ HALLMARK_G2M_CHECKPOINT (b3_gslib_HALLMARK.gmt)
WEE1	HALLMARK_E2F_TARGETS ∪ HALLMARK_G2M_CHECKPOINT (b3_gslib_HALLMARK.gmt)
WRN	HALLMARK_E2F_TARGETS ∪ HALLMARK_G2M_CHECKPOINT (b3_gslib_HALLMARK.gmt)
XPO1	HALLMARK_E2F_TARGETS ∪ HALLMARK_G2M_CHECKPOINT (b3_gslib_HALLMARK.gmt)
XRCC6	HALLMARK_E2F_TARGETS ∪ HALLMARK_G2M_CHECKPOINT (b3_gslib_HALLMARK.gmt)
YTHDC1	HALLMARK_E2F_TARGETS ∪ HALLMARK_G2M_CHECKPOINT (b3_gslib_HALLMARK.gmt)
ZW10	HALLMARK_E2F_TARGETS ∪ HALLMARK_G2M_CHECKPOINT (b3_gslib_HALLMARK.gmt)
