sig	state	n_sig_genes	obs	null_mean	null_sd	z	emp_p
C4_UP	MES	2192	0.5659437024961592	0.5135619485812255	0.0064732943103016	8.09197780974869	0.0476190476190476
C4_UP	AC	2192	0.5587287604304164	0.5143508702258988	0.0059649141397426	7.439820450866051	0.0476190476190476
C4_UP	OPC	2192	0.5597251071780508	0.5122991116944291	0.006413906089162	7.394245382507313	0.0476190476190476
C4_UP	NPC	2192	0.554245290919774	0.5119572998589329	0.0061475021532803	6.878889995715709	0.0476190476190476
C4_UP	Cycling	2192	0.5563393248993082	0.5132763428771412	0.0057922810052325	7.434546421913174	0.0476190476190476
C4_DOWN	MES	2349	0.5737665924824784	0.5085770133918536	0.0075545005016233	8.629237509034049	0.0476190476190476
C4_DOWN	AC	2349	0.5709709734852584	0.5086879239792854	0.0076279120213104	8.165150480494544	0.0476190476190476
C4_DOWN	OPC	2349	0.5630187633744801	0.5075166642450527	0.0077978572179691	7.117609053103672	0.0476190476190476
C4_DOWN	NPC	2349	0.5696139903149195	0.5071547848989468	0.0080662179442998	7.74330743940666	0.0476190476190476
C4_DOWN	Cycling	2349	0.5762658041588283	0.5085641412934588	0.0076539063150338	8.845373862545138	0.0476190476190476
C4_UP_CCDEP	MES	2149	0.5659823405969983	0.5145771388870544	0.0071248659828951	7.214900860360596	0.0476190476190476
C4_UP_CCDEP	AC	2149	0.5589967762700006	0.5144913243587067	0.007203941435383	6.177930832793793	0.0476190476190476
C4_UP_CCDEP	OPC	2149	0.5597509015054123	0.5131749482850984	0.0073829939994922	6.308545452362198	0.0476190476190476
C4_UP_CCDEP	NPC	2149	0.5540803811255461	0.5130806650185639	0.0074801946023661	5.48110287050728	0.0476190476190476
C4_UP_CCDEP	Cycling	2149	0.5555051902418406	0.514384011602445	0.00695437470224	5.912994395621275	0.0476190476190476
C4_DOWN_CCDEP	MES	2212	0.5723946333552337	0.5079113696286102	0.0063444687580836	10.16369788951423	0.0476190476190476
C4_DOWN_CCDEP	AC	2212	0.5699060221211751	0.5087171152326999	0.0060121985423837	10.17745945299654	0.0476190476190476
C4_DOWN_CCDEP	OPC	2212	0.5601835146704487	0.5065346334714699	0.0062292786711772	8.612374567092528	0.0476190476190476
C4_DOWN_CCDEP	NPC	2212	0.5660134520057825	0.5067638198561861	0.0064760356873895	9.149058931989892	0.0476190476190476
C4_DOWN_CCDEP	Cycling	2212	0.5671553916570723	0.5079442634324457	0.0059088894230069	10.020686458284548	0.0476190476190476
C5_UP	MES	723	0.5940139671257212	0.5109824507407562	0.0116407371655399	7.132840060229438	0.0476190476190476
C5_UP	AC	723	0.5896768482048754	0.510889674692695	0.011182448188261	7.045610423206658	0.0476190476190476
C5_UP	OPC	723	0.5875338298365954	0.5100676776558577	0.0118407510525166	6.542334336492371	0.0476190476190476
C5_UP	NPC	723	0.5867938745437189	0.5091121944200829	0.0115482725203099	6.726692670874985	0.0476190476190476
C5_UP	Cycling	723	0.58268427238123	0.5106104113386774	0.011154982949375	6.461135921914634	0.0476190476190476
C5_DOWN	MES	915	0.5500899634836313	0.5074714618324836	0.0116926667206888	3.644891509285819	0.0476190476190476
C5_DOWN	AC	915	0.5412322523409362	0.5083811626552441	0.011771723429129	2.790678007640103	0.0476190476190476
C5_DOWN	OPC	915	0.5330814515755281	0.5075200967003779	0.0124794893334211	2.048269299505287	0.0476190476190476
C5_DOWN	NPC	915	0.5337679547587317	0.5061459906182291	0.0120846202180724	2.285712222813105	0.0476190476190476
C5_DOWN	Cycling	915	0.5461560282623192	0.508178700361174	0.0112765151635756	3.3678248421831816	0.0476190476190476
C5_STABLE_UP	MES	615	0.5955997918519134	0.512384854613982	0.0140300472008329	5.9311943892099634	0.0476190476190476
C5_STABLE_UP	AC	615	0.5915692359130545	0.5131335113358327	0.0137174395217078	5.717956653141951	0.0476190476190476
C5_STABLE_UP	OPC	615	0.5904440974457489	0.5111651641749642	0.0126217928137125	6.281115087284179	0.0476190476190476
C5_STABLE_UP	NPC	615	0.5894969325388031	0.5103932794190064	0.0132123853635329	5.987083402678223	0.0476190476190476
C5_STABLE_UP	Cycling	615	0.584363550216202	0.5121131879857639	0.0127177350224107	5.681071519662986	0.0476190476190476
C5_STABLE_DOWN	MES	790	0.5551821521922189	0.5126691689726526	0.0081950726243532	5.18762739127299	0.0476190476190476
C5_STABLE_DOWN	AC	790	0.5455110809953586	0.5130380489036948	0.0073975564375119	4.389697106871376	0.0476190476190476
C5_STABLE_DOWN	OPC	790	0.5363567044078958	0.5106969634387413	0.008239386944173	3.114277936333772	0.0476190476190476
C5_STABLE_DOWN	NPC	790	0.5368259137633411	0.5111297370433892	0.0085047786663892	3.0213810056577843	0.0476190476190476
C5_STABLE_DOWN	Cycling	790	0.5504190052995831	0.5112802373389509	0.0085357597778801	4.585270553426029	0.0476190476190476
C5_UP_CCDEP	MES	703	0.5923731080359751	0.5104159486316208	0.010543636567987	7.77313964455064	0.0476190476190476
C5_UP_CCDEP	AC	703	0.5883668485245103	0.5115661728791607	0.0111661156338075	6.878011849780655	0.0476190476190476
C5_UP_CCDEP	OPC	703	0.5857110287084134	0.5104224213720839	0.0106246275957048	7.086234944062025	0.0476190476190476
C5_UP_CCDEP	NPC	703	0.5847399248818103	0.5080786227934648	0.0104257825686243	7.353050150791772	0.0476190476190476
C5_UP_CCDEP	Cycling	703	0.5805850712837229	0.5104149236010844	0.0110247214917614	6.364800030102801	0.0476190476190476
C5_DOWN_CCDEP	MES	852	0.5477633329180716	0.5074209971439483	0.0085226837659343	4.733524894514301	0.0476190476190476
C5_DOWN_CCDEP	AC	852	0.5379533901499151	0.5081688809672383	0.0089191905660616	3.339373563337652	0.0476190476190476
C5_DOWN_CCDEP	OPC	852	0.5282392927175679	0.5068738776738378	0.0087892142642401	2.4308674702194426	0.0476190476190476
C5_DOWN_CCDEP	NPC	852	0.5283382948438596	0.505984424176942	0.0088698410268217	2.5202109710107776	0.0476190476190476
C5_DOWN_CCDEP	Cycling	852	0.5335027786283729	0.5078733391539672	0.0078688418714217	3.257078982294377	0.0476190476190476
C5_STABLE_UP_CCDEP	MES	599	0.5944590085831388	0.5171901744310852	0.0113125727667316	6.8303502435173655	0.0476190476190476
C5_STABLE_UP_CCDEP	AC	599	0.5908411118638102	0.5194448571604731	0.0119923465750722	5.953484937780559	0.0476190476190476
C5_STABLE_UP_CCDEP	OPC	599	0.5893001899373249	0.5170224792955078	0.0116793329748605	6.188513573283051	0.0476190476190476
C5_STABLE_UP_CCDEP	NPC	599	0.5880007176537306	0.5162636246361492	0.0111490850977876	6.434347965629617	0.0476190476190476
C5_STABLE_UP_CCDEP	Cycling	599	0.582779065913964	0.5178793559792981	0.0112405071848709	5.773735016335988	0.0476190476190476
C5_STABLE_DOWN_CCDEP	MES	731	0.5527867104349888	0.5101306165296762	0.0111325215734297	3.83166505664995	0.0476190476190476
C5_STABLE_DOWN_CCDEP	AC	731	0.541918752996937	0.5096927618074932	0.0114255008431023	2.8205320389870456	0.0476190476190476
C5_STABLE_DOWN_CCDEP	OPC	731	0.5310180577250907	0.5091019303940811	0.0115744115098783	1.8934981974941	0.0476190476190476
C5_STABLE_DOWN_CCDEP	NPC	731	0.5308454794660113	0.5078726169321589	0.0116158081053549	1.9777240055525511	0.0476190476190476
C5_STABLE_DOWN_CCDEP	Cycling	731	0.5367109373930671	0.509183703946164	0.0112047944381842	2.4567370333091136	0.0476190476190476
M_shared_antiproliferative	MES	463	0.6590782402805947	0.5194618036847614	0.0167242691759332	8.34813378851531	0.0476190476190476
M_shared_antiproliferative	AC	463	0.6539300519388268	0.5219709726295838	0.0160544272396053	8.219482223801025	0.0476190476190476
M_shared_antiproliferative	OPC	463	0.6637654992996801	0.5184886217376492	0.0164731798120589	8.818994220877908	0.0476190476190476
M_shared_antiproliferative	NPC	463	0.6694208211461933	0.5173216578432881	0.0170227007397725	8.935078259793091	0.0476190476190476
M_shared_antiproliferative	Cycling	463	0.6962525585828541	0.5187893719312202	0.0157995991623189	11.232132209712816	0.0476190476190476
M_shared_antiproliferative_CCDEP	MES	148	0.7650356895070306	0.5199699277480985	0.0245830214712458	9.968903214178903	0.0476190476190476
M_shared_antiproliferative_CCDEP	AC	148	0.7580411168775546	0.5219376806238815	0.026125536197925	9.037266621629191	0.0476190476190476
M_shared_antiproliferative_CCDEP	OPC	148	0.7681090950391984	0.5184072578930599	0.0249323460847744	10.015176120895624	0.0476190476190476
M_shared_antiproliferative_CCDEP	NPC	148	0.7702402452856125	0.5137205778132251	0.0257457720406764	9.963564777436256	0.0476190476190476
M_shared_antiproliferative_CCDEP	Cycling	148	0.7888168281683099	0.5188368776351281	0.0253458794573012	10.6518280806946	0.0476190476190476
M_shared_ER_UPR	MES	143	0.6347020950767157	0.5219394909744989	0.0284064368793929	3.9696145131112455	0.0476190476190476
M_shared_ER_UPR	AC	143	0.621849883901998	0.5232788956460983	0.0294200795816877	3.3504664044911165	0.0476190476190476
M_shared_ER_UPR	OPC	143	0.6190876161392732	0.5196409961957648	0.0274220147313344	3.626524925970274	0.0476190476190476
M_shared_ER_UPR	NPC	143	0.6214768866691506	0.519023522672454	0.0273569238129794	3.745061568219446	0.0476190476190476
M_shared_ER_UPR	Cycling	143	0.6276204881715365	0.5197025978454552	0.027236767642964	3.962213568832172	0.0476190476190476
M_shared_ER_UPR_CCDEP	MES	134	0.6337258657132082	0.5095498309849815	0.0264564732564406	4.693597424138797	0.0476190476190476
M_shared_ER_UPR_CCDEP	AC	134	0.6215391399760082	0.5106216256456233	0.0260702884865069	4.254556461382919	0.0476190476190476
M_shared_ER_UPR_CCDEP	OPC	134	0.617887969572152	0.5104000246196622	0.0276968107082093	3.8808780579429847	0.0476190476190476
M_shared_ER_UPR_CCDEP	NPC	134	0.6201085741301603	0.5081036912091994	0.027179492328319	4.120933590958205	0.0476190476190476
M_shared_ER_UPR_CCDEP	Cycling	134	0.6229725752501047	0.5099708485702676	0.0254692776920198	4.436785685337418	0.0476190476190476
M_HSF1_heat_shock	MES	93	0.6294534313036729	0.5037472304379007	0.0316139958940665	3.9762832033949023	0.0476190476190476
M_HSF1_heat_shock	AC	93	0.6188019221977619	0.5046748491913763	0.0330710068848881	3.450970616154304	0.0476190476190476
M_HSF1_heat_shock	OPC	93	0.6141114545762375	0.5043851634009282	0.0311809458088304	3.519017410441565	0.0476190476190476
M_HSF1_heat_shock	NPC	93	0.6188632703056524	0.5032858784167568	0.0295427367457039	3.912210059743449	0.0476190476190476
M_HSF1_heat_shock	Cycling	93	0.6165880305736876	0.504125238684948	0.0329999351564968	3.407970087074504	0.0476190476190476
M_HSF1_heat_shock_CCDEP	MES	86	0.6310205757875909	0.5179266867119025	0.0422001499403354	2.679940456031219	0.0476190476190476
M_HSF1_heat_shock_CCDEP	AC	86	0.6192452116809336	0.5214735360255002	0.0441136908735362	2.216356730061925	0.0952380952380952
M_HSF1_heat_shock_CCDEP	OPC	86	0.6128248883940226	0.5186784805903335	0.0415481416292959	2.2659595378221584	0.0476190476190476
M_HSF1_heat_shock_CCDEP	NPC	86	0.617219689591574	0.5209104066941197	0.0416251712285606	2.313727008319735	0.0476190476190476
M_HSF1_heat_shock_CCDEP	Cycling	86	0.6169057325419117	0.5206011902790696	0.0412051658220159	2.3371958428422737	0.0476190476190476
M_cholesterol_SREBP	MES	118	0.5535855741839969	0.5077495185098714	0.0294919184825033	1.5541903691792267	0.1428571428571428
M_cholesterol_SREBP	AC	118	0.5564192088348494	0.5071505900581819	0.0305644055516314	1.6119606413885472	0.0952380952380952
M_cholesterol_SREBP	OPC	118	0.5380699062330393	0.50505035199372	0.0317024228857512	1.0415467094838384	0.1428571428571428
M_cholesterol_SREBP	NPC	118	0.5190966455860226	0.5052621961992687	0.0316831611822227	0.436649907096908	0.3333333333333333
M_cholesterol_SREBP	Cycling	118	0.5374761611010301	0.506274103916904	0.0307371820554626	1.0151241947887324	0.1428571428571428
M_cholesterol_SREBP_CCDEP	MES	113	0.5479784280214873	0.5099863479792572	0.0231373289448749	1.6420253233528772	0.1428571428571428
M_cholesterol_SREBP_CCDEP	AC	113	0.5512361983552483	0.5094222308108124	0.0239259314611115	1.747642202035015	0.0476190476190476
M_cholesterol_SREBP_CCDEP	OPC	113	0.5312057042476026	0.5063746590205475	0.025071696830569	0.99040146324598	0.1904761904761904
M_cholesterol_SREBP_CCDEP	NPC	113	0.5112864384048671	0.5061266543062486	0.02525655015392	0.2042948885407316	0.4761904761904761
M_cholesterol_SREBP_CCDEP	Cycling	113	0.5289564619339971	0.5088045142722339	0.0245715189809552	0.8201343871895945	0.1904761904761904
M_autophagy_lysosome	MES	142	0.6157028849929086	0.5083042774405829	0.0308543964140276	3.4808202406934123	0.0476190476190476
M_autophagy_lysosome	AC	142	0.6091898529196247	0.5072225601514582	0.032661148331981	3.1219751287287862	0.0476190476190476
M_autophagy_lysosome	OPC	142	0.5993097743443276	0.5048640577913881	0.0320281914333475	2.948830774584521	0.0476190476190476
M_autophagy_lysosome	NPC	142	0.602396438937452	0.5044810004533661	0.0327427842481216	2.9904432604781643	0.0476190476190476
M_autophagy_lysosome	Cycling	142	0.6015807419851573	0.5049274216127758	0.0297903791396535	3.2444474747797867	0.0476190476190476
M_autophagy_lysosome_CCDEP	MES	141	0.6106805581809218	0.5077222274457123	0.0215615678285741	4.775085538945152	0.0476190476190476
M_autophagy_lysosome_CCDEP	AC	141	0.6035326028704595	0.5066032271375229	0.0249067469006846	3.891691521154548	0.0476190476190476
M_autophagy_lysosome_CCDEP	OPC	141	0.5935780717365631	0.5061566186743588	0.025581643547406	3.4173509180597144	0.0476190476190476
M_autophagy_lysosome_CCDEP	NPC	141	0.5964594732329646	0.507061466566318	0.0252624073963325	3.538776224455348	0.0476190476190476
M_autophagy_lysosome_CCDEP	Cycling	141	0.5961545928143869	0.5089689836288739	0.0236834222042897	3.681292696362153	0.0476190476190476
M_TNF_NFkB	MES	216	0.591804576073124	0.5182067578621098	0.0175522261682223	4.193075995354962	0.0476190476190476
M_TNF_NFkB	AC	216	0.5731586246703263	0.5183572073345952	0.0176886343677421	3.098114653535361	0.0476190476190476
M_TNF_NFkB	OPC	216	0.5620436209122668	0.5168049318825204	0.0175228869423754	2.5816915430953293	0.0476190476190476
M_TNF_NFkB	NPC	216	0.5661036471220402	0.5173506695965571	0.0176671777368996	2.7595226725804456	0.0476190476190476
M_TNF_NFkB	Cycling	216	0.5485958118219976	0.5182449078529421	0.017818858432315	1.703302379574062	0.0952380952380952
M_TNF_NFkB_CCDEP	MES	210	0.590997162300371	0.5065801442094052	0.0198538029726422	4.251931894725112	0.0476190476190476
M_TNF_NFkB_CCDEP	AC	210	0.5722268628796034	0.505749710213986	0.0196883803217232	3.3764663003929054	0.0476190476190476
M_TNF_NFkB_CCDEP	OPC	210	0.5574316636596062	0.5043878149108937	0.0180059262449606	2.945910586719082	0.0476190476190476
M_TNF_NFkB_CCDEP	NPC	210	0.5622197664216846	0.5042084969145597	0.0168068971461443	3.451634707030566	0.0476190476190476
M_TNF_NFkB_CCDEP	Cycling	210	0.5454343451875664	0.5054605050234477	0.0187803151149404	2.128496775451761	0.0476190476190476
M_p53_apoptosis	MES	329	0.6091596911154473	0.5070855229870816	0.0187024644239318	5.457792396479608	0.0476190476190476
M_p53_apoptosis	AC	329	0.598688766196083	0.5078891231645924	0.0171804092804645	5.285068681963063	0.0476190476190476
M_p53_apoptosis	OPC	329	0.5795383865371851	0.5064334819675435	0.0157284617903026	4.647937321799287	0.0476190476190476
M_p53_apoptosis	NPC	329	0.5865687838173353	0.5057365162173137	0.0176552592465963	4.578367639410614	0.0476190476190476
M_p53_apoptosis	Cycling	329	0.58877817888222	0.5063370305279844	0.0167336568261009	4.9266666103517	0.0476190476190476
M_p53_apoptosis_CCDEP	MES	314	0.6108810549754613	0.5077432991972184	0.0158201651205727	6.5193855432091015	0.0476190476190476
M_p53_apoptosis_CCDEP	AC	314	0.6012617337965384	0.5064376035580461	0.01589587456513	5.965329548240334	0.0476190476190476
M_p53_apoptosis_CCDEP	OPC	314	0.5798750951182862	0.5045757373999652	0.0164379086506709	4.580835635392546	0.0476190476190476
M_p53_apoptosis_CCDEP	NPC	314	0.5871667843639449	0.5044686238522077	0.0174871304868493	4.729086946193237	0.0476190476190476
M_p53_apoptosis_CCDEP	Cycling	314	0.5845102032865712	0.5061479643010685	0.0153956427222552	5.089897213074828	0.0476190476190476
M_RIGI_typeI_IFN	MES	133	0.5904403743007789	0.5090145516234447	0.0206031381540564	3.9521077841873735	0.0476190476190476
M_RIGI_typeI_IFN	AC	133	0.5903380255832699	0.5084489995441662	0.024095776539397	3.398480472509924	0.0476190476190476
M_RIGI_typeI_IFN	OPC	133	0.5674836128625563	0.5112934706617476	0.0238901421012792	2.352022100270385	0.0476190476190476
M_RIGI_typeI_IFN	NPC	133	0.5663277235030901	0.5092080324853816	0.0231636364700637	2.4659207154942573	0.0476190476190476
M_RIGI_typeI_IFN	Cycling	133	0.5691114595028613	0.5090316711314031	0.025159141395943	2.3879904097659765	0.0476190476190476
M_RIGI_typeI_IFN_CCDEP	MES	132	0.591907329584645	0.5041854077093448	0.0243671837667457	3.600002475255899	0.0476190476190476
M_RIGI_typeI_IFN_CCDEP	AC	132	0.5922562186493795	0.5050033868297097	0.0246543338370943	3.5390464165935485	0.0476190476190476
M_RIGI_typeI_IFN_CCDEP	OPC	132	0.5693960075808244	0.502898913506427	0.027482441967604	2.4196210130374665	0.0476190476190476
M_RIGI_typeI_IFN_CCDEP	NPC	132	0.5684329114488991	0.5044515401753285	0.0267258152571312	2.3939913771759884	0.0476190476190476
M_RIGI_typeI_IFN_CCDEP	Cycling	132	0.5705243968247555	0.5034582001098908	0.0258581336904098	2.5936209286340706	0.0476190476190476
