item	status	note
PACKAGE	INCLUDED	CODE_RELEASE package (release v1.0): 231 files, 104955667 bytes
.zenodo.json	INCLUDED	package_root_file
CITATION.cff	INCLUDED	package_root_file
FIGURE_PROVENANCE.tsv	INCLUDED	package_root_file
LICENSE	INCLUDED	package_root_file
README.md	INCLUDED	package_root_file
RUN_REPRODUCTION.md	INCLUDED	package_root_file
docs/vendor/_infercnv_src.py	INCLUDED	documentation
environment/ENVIRONMENT_NOTE.md	INCLUDED	environment_manifest
environment/python_environment_freeze.txt	INCLUDED	environment_manifest
environment/python_version.txt	INCLUDED	environment_manifest
environment/software_versions_R_sessionInfo.txt	INCLUDED	environment_manifest
environment/software_versions_bulk_rnaseq.tsv	INCLUDED	environment_manifest
environment/software_versions_microarray_r.tsv	INCLUDED	environment_manifest
figures/Fig1.pdf	INCLUDED	figure_assets
figures/Fig1.png	INCLUDED	figure_assets
figures/Fig1.tif	INCLUDED	figure_assets
figures/Fig2.pdf	INCLUDED	figure_assets
figures/Fig2.png	INCLUDED	figure_assets
figures/Fig2.tif	INCLUDED	figure_assets
figures/Fig3.pdf	INCLUDED	figure_assets
figures/Fig3.png	INCLUDED	figure_assets
figures/Fig3.tif	INCLUDED	figure_assets
figures/Fig4.pdf	INCLUDED	figure_assets
figures/Fig4.png	INCLUDED	figure_assets
figures/Fig4.tif	INCLUDED	figure_assets
figures/Fig5.pdf	INCLUDED	figure_assets
figures/Fig5.png	INCLUDED	figure_assets
figures/Fig5.tif	INCLUDED	figure_assets
figures/Fig6.pdf	INCLUDED	figure_assets
figures/Fig6.png	INCLUDED	figure_assets
figures/Fig6.tif	INCLUDED	figure_assets
figures/supplementary/FigS1.pdf	INCLUDED	figure_assets
figures/supplementary/FigS1.png	INCLUDED	figure_assets
figures/supplementary/FigS1.tif	INCLUDED	figure_assets
figures/supplementary/FigS2.pdf	INCLUDED	figure_assets
figures/supplementary/FigS2.png	INCLUDED	figure_assets
figures/supplementary/FigS2.tif	INCLUDED	figure_assets
figures/supplementary/FigS3.pdf	INCLUDED	figure_assets
figures/supplementary/FigS3.png	INCLUDED	figure_assets
figures/supplementary/FigS3.tif	INCLUDED	figure_assets
figures/supplementary/FigS4.pdf	INCLUDED	figure_assets
figures/supplementary/FigS4.png	INCLUDED	figure_assets
figures/supplementary/FigS4.tif	INCLUDED	figure_assets
figures/supplementary/FigS5.pdf	INCLUDED	figure_assets
figures/supplementary/FigS5.png	INCLUDED	figure_assets
figures/supplementary/FigS5.tif	INCLUDED	figure_assets
figures/supplementary/FigS6.pdf	INCLUDED	figure_assets
figures/supplementary/FigS6.png	INCLUDED	figure_assets
figures/supplementary/FigS6.tif	INCLUDED	figure_assets
figures/supplementary/FigS7.pdf	INCLUDED	figure_assets
figures/supplementary/FigS7.png	INCLUDED	figure_assets
figures/supplementary/FigS7.tif	INCLUDED	figure_assets
figures/supplementary/FigS8.pdf	INCLUDED	figure_assets
figures/supplementary/FigS8.png	INCLUDED	figure_assets
figures/supplementary/FigS8.tif	INCLUDED	figure_assets
figures/supplementary/FigS9.pdf	INCLUDED	figure_assets
figures/supplementary/FigS9.png	INCLUDED	figure_assets
figures/supplementary/FigS9.tif	INCLUDED	figure_assets
frozen_intermediates/C1_focus_pathways.tsv	INCLUDED	frozen_intermediate_tables
frozen_intermediates/_q2_for_output.tsv	INCLUDED	frozen_intermediate_tables
frozen_intermediates/c2_11_test_A_ccdep.tsv	INCLUDED	frozen_intermediate_tables
frozen_intermediates/ss2_cellnull_ALL.tsv	INCLUDED	frozen_intermediate_tables
frozen_intermediates/ss2_lopo.tsv	INCLUDED	frozen_intermediate_tables
frozen_intermediates/ss2_pseudobulk_null.tsv	INCLUDED	frozen_intermediate_tables
frozen_intermediates/ss2_state_tests.tsv	INCLUDED	frozen_intermediate_tables
genesets/C1_directional_sets.gmt	INCLUDED	gene_set_definitions
genesets/README_genesets.md	INCLUDED	gene_set_definitions
genesets/frozen_signature_genes.tsv	INCLUDED	gene_set_definitions
manifest/CODE_RELEASE_MANIFEST.tsv	INCLUDED	manifest
manifest/FILE_MANIFEST.tsv	INCLUDED	manifest
manifest/SHA256SUMS.tsv	INCLUDED	manifest
processed_tables/B1_EMTAB9043_METADATA.tsv	INCLUDED	processed_result_tables
processed_tables/B1_MASTER_SAMPLE_SHEET.tsv	INCLUDED	processed_result_tables
processed_tables/B1_MATRIX_AUDIT.tsv	INCLUDED	processed_result_tables
processed_tables/B2_ANALYSIS_MANIFEST.tsv	INCLUDED	processed_result_tables
processed_tables/B2_CONTRAST_DICTIONARY.tsv	INCLUDED	processed_result_tables
processed_tables/B2_FROZEN_SAMPLE_TABLE.tsv	INCLUDED	processed_result_tables
processed_tables/B35_C4_ENGINE_COMPARISON.tsv	INCLUDED	processed_result_tables
processed_tables/B35_C5_ENGINE_COMPARISON.tsv	INCLUDED	processed_result_tables
processed_tables/B35_DESEQ2_SUMMARY.tsv	INCLUDED	processed_result_tables
processed_tables/B35_GENE_ANNOTATION.tsv	INCLUDED	processed_result_tables
processed_tables/B35_R_MODEL_MATRIX.csv	INCLUDED	processed_result_tables
processed_tables/B3_DE_SUMMARY.tsv	INCLUDED	processed_result_tables
processed_tables/B3_FULL_RESULTS_C1.tsv	INCLUDED	processed_result_tables
processed_tables/B3_FULL_RESULTS_C2.tsv	INCLUDED	processed_result_tables
processed_tables/B3_FULL_RESULTS_C3.tsv	INCLUDED	processed_result_tables
processed_tables/B3_FULL_RESULTS_C4.tsv	INCLUDED	processed_result_tables
processed_tables/B3_FULL_RESULTS_C5.tsv	INCLUDED	processed_result_tables
processed_tables/B3_FULL_RESULTS_C5_INTERACTION.tsv	INCLUDED	processed_result_tables
processed_tables/B3_GSEA_ALL.tsv	INCLUDED	processed_result_tables
processed_tables/B3_GSEA_GOBP.tsv	INCLUDED	processed_result_tables
processed_tables/B3_GSEA_HALLMARK.tsv	INCLUDED	processed_result_tables
processed_tables/B3_GSEA_REACTOME.tsv	INCLUDED	processed_result_tables
processed_tables/B3_INTERACTION_TOP_GENES.tsv	INCLUDED	processed_result_tables
processed_tables/B3_SOFTWARE_VERSIONS.tsv	INCLUDED	processed_result_tables
processed_tables/C1_C4_CROSS_PLATFORM_COMPARISON.tsv	INCLUDED	processed_result_tables
processed_tables/C1_C5_CROSS_PLATFORM_COMPARISON.tsv	INCLUDED	processed_result_tables
processed_tables/C1_COMMON_GENE_UNIVERSE.tsv	INCLUDED	processed_result_tables
processed_tables/C1_GIN28_DBS_vs_CTRL.tsv	INCLUDED	processed_result_tables
processed_tables/C1_GIN28_TTFields_vs_CTRL.tsv	INCLUDED	processed_result_tables
processed_tables/C1_KNS42_DBS_vs_CTRL.tsv	INCLUDED	processed_result_tables
processed_tables/C1_KNS42_TTFields_vs_CTRL.tsv	INCLUDED	processed_result_tables
processed_tables/C1_PATHWAY_CONCORDANCE.tsv	INCLUDED	processed_result_tables
processed_tables/C1_SOFTWARE_VERSIONS.tsv	INCLUDED	processed_result_tables
processed_tables/C1_U87MG_DBS_vs_CTRL.tsv	INCLUDED	processed_result_tables
processed_tables/C1_U87MG_TTFields_vs_CTRL.tsv	INCLUDED	processed_result_tables
processed_tables/C2_11_EVIDENCE_GRADES.tsv	INCLUDED	processed_result_tables
processed_tables/C2_11_EXPANDED_CATEGORY_COUNTS.tsv	INCLUDED	processed_result_tables
processed_tables/C2_11_EXPANDED_MAPPING_DIAG.tsv	INCLUDED	processed_result_tables
processed_tables/C2_11_LOPO_A_core.tsv	INCLUDED	processed_result_tables
processed_tables/C2_11_LOPO_B_mapped_all.tsv	INCLUDED	processed_result_tables
processed_tables/C2_11_PATIENT_EFFECTS_A_core.tsv	INCLUDED	processed_result_tables
processed_tables/C2_11_PATIENT_EFFECTS_B_mapped_all.tsv	INCLUDED	processed_result_tables
processed_tables/C2_12_MASTER_EVIDENCE.tsv	INCLUDED	processed_result_tables
processed_tables/C2_2_FROZEN_SIGNATURES_COVERAGE.tsv	INCLUDED	processed_result_tables
processed_tables/C2_2_FROZEN_SIGNATURE_GENES.tsv	INCLUDED	processed_result_tables
processed_tables/C2_3_CC_DEPLETION_SUMMARY.tsv	INCLUDED	processed_result_tables
processed_tables/C2_3_CELLCYCLE_REMOVAL_LIST_FROZEN.tsv	INCLUDED	processed_result_tables
processed_tables/C2_4_COUTURIER_SAMPLE_ROLES.tsv	INCLUDED	processed_result_tables
processed_tables/C2_4_QC_NEFTEL_10X.tsv	INCLUDED	processed_result_tables
processed_tables/C2_4_QC_NEFTEL_SS2.tsv	INCLUDED	processed_result_tables
processed_tables/C2_DATASET_CANDIDATES.tsv	INCLUDED	processed_result_tables
processed_tables/C2_LAYERB_CNV_QC.tsv	INCLUDED	processed_result_tables
processed_tables/C2_LAYERB_STATE_TESTS.tsv	INCLUDED	processed_result_tables
processed_tables/C2_NEFTEL_PATIENT_CROSSWALK.tsv	INCLUDED	processed_result_tables
processed_tables/C2_couturier_layerA_alt_state_tests.tsv	INCLUDED	processed_result_tables
processed_tables/C2_couturier_layerA_lopo.tsv	INCLUDED	processed_result_tables
processed_tables/C2_couturier_layerA_state_tests.tsv	INCLUDED	processed_result_tables
processed_tables/C2_couturier_layerA_state_tests_all.tsv	INCLUDED	processed_result_tables
processed_tables/C2_ss2_state_tests_unified.tsv	INCLUDED	processed_result_tables
processed_tables/C3_C5_EXPLORATORY.tsv	INCLUDED	processed_result_tables
processed_tables/C3_DATASET_QC.tsv	INCLUDED	processed_result_tables
processed_tables/C3_PRIMARY_RESULTS.tsv	INCLUDED	processed_result_tables
processed_tables/C3_ROBUSTNESS.tsv	INCLUDED	processed_result_tables
processed_tables/C3_SECONDARY_RESULTS.tsv	INCLUDED	processed_result_tables
processed_tables/C4_CLAIM_FIGURE_MATRIX.tsv	INCLUDED	processed_result_tables
processed_tables/C4_MASTER_EVIDENCE.tsv	INCLUDED	processed_result_tables
processed_tables/C4_NEGATIVE_RESULTS.tsv	INCLUDED	processed_result_tables
processed_tables/GSE324656_FILE_INVENTORY.tsv	INCLUDED	processed_result_tables
processed_tables/GSE324656_NOVELTY_MATRIX.tsv	INCLUDED	processed_result_tables
processed_tables/GSE324656_SAMPLE_METADATA.tsv	INCLUDED	processed_result_tables
provenance/plotted_values/Fig1_values.tsv	INCLUDED	provenance_qc
provenance/plotted_values/Fig2_values.tsv	INCLUDED	provenance_qc
provenance/plotted_values/Fig3_values.tsv	INCLUDED	provenance_qc
provenance/plotted_values/Fig4_values.tsv	INCLUDED	provenance_qc
provenance/plotted_values/Fig5_values.tsv	INCLUDED	provenance_qc
provenance/plotted_values/Fig6_values.tsv	INCLUDED	provenance_qc
provenance/plotted_values/FigS1_values.tsv	INCLUDED	provenance_qc
provenance/plotted_values/FigS2_values.tsv	INCLUDED	provenance_qc
provenance/plotted_values/FigS3_values.tsv	INCLUDED	provenance_qc
provenance/plotted_values/FigS4_values.tsv	INCLUDED	provenance_qc
provenance/plotted_values/FigS5_values.tsv	INCLUDED	provenance_qc
provenance/plotted_values/FigS6_values.tsv	INCLUDED	provenance_qc
provenance/plotted_values/FigS7_values.tsv	INCLUDED	provenance_qc
provenance/plotted_values/FigS8_values.tsv	INCLUDED	provenance_qc
provenance/plotted_values/FigS9_values.tsv	INCLUDED	provenance_qc
provenance/plotted_values/README.txt	INCLUDED	provenance_qc
provenance/qc_assets/FIGURE_ASSET_AUDIT.tsv	INCLUDED	provenance_qc
provenance/qc_assets/FIGURE_FIG6_2X2_AXES_PAYLOAD.tsv	INCLUDED	provenance_qc
provenance/qc_assets/FIGURE_FIG6_2X2_VALUE_IDENTITY.tsv	INCLUDED	provenance_qc
provenance/qc_assets/FIGURE_RECONSTRUCTION_MAP.tsv	INCLUDED	provenance_qc
provenance/qc_assets/FIGURE_RECOVERY_MANIFEST.tsv	INCLUDED	provenance_qc
provenance/qc_assets/FIGURE_TECHNICAL_QC.tsv	INCLUDED	provenance_qc
provenance/qc_assets/FIGURE_VALUE_QC.tsv	INCLUDED	provenance_qc
provenance/qc_layout/layout_qc_fig6_2x2.txt	INCLUDED	provenance_qc
provenance/qc_layout/layout_qc_figs9.txt	INCLUDED	provenance_qc
provenance/qc_layout/layout_qc_figures.txt	INCLUDED	provenance_qc
qc_figures/B3_QC_C5_diagnostics.png	INCLUDED	analysis_qc_figures
qc_figures/B3_QC_C5_vs_C4_additivity.png	INCLUDED	analysis_qc_figures
scripts_R/B35_engine_verification.R	INCLUDED	analysis_scripts_R
scripts_R/B35_run_deseq2.R	INCLUDED	analysis_scripts_R
scripts_R/C1_dir.R	INCLUDED	analysis_scripts_R
scripts_R/C1_dir_rrho.R	INCLUDED	analysis_scripts_R
scripts_R/C1_gsea.R	INCLUDED	analysis_scripts_R
scripts_R/C1_limma.R	INCLUDED	analysis_scripts_R
scripts_R/C1_preprocess.R	INCLUDED	analysis_scripts_R
scripts_R/C1_preprocess2.R	INCLUDED	analysis_scripts_R
scripts_R/C1_preprocess3.R	INCLUDED	analysis_scripts_R
scripts_R/C1_preprocess4.R	INCLUDED	analysis_scripts_R
scripts_R/C1_versions.R	INCLUDED	analysis_scripts_R
scripts_R/versions.R	INCLUDED	analysis_scripts_R
scripts_figures/_layout_qc_fig6_2x2.py	INCLUDED	figure_scripts
scripts_figures/_layout_qc_figs9.py	INCLUDED	figure_scripts
scripts_figures/_layout_qc_figures.py	INCLUDED	figure_scripts
scripts_figures/compare_fig6_arrays.py	INCLUDED	figure_scripts
scripts_figures/fig1.py	INCLUDED	figure_scripts
scripts_figures/fig2_ac_only.py	INCLUDED	figure_scripts
scripts_figures/fig3.py	INCLUDED	figure_scripts
scripts_figures/fig4.py	INCLUDED	figure_scripts
scripts_figures/fig5.py	INCLUDED	figure_scripts
scripts_figures/fig6_2x2.py	INCLUDED	figure_scripts
scripts_figures/fig6_adonly.py	INCLUDED	figure_scripts
scripts_figures/figS.py	INCLUDED	figure_scripts
scripts_figures/figS9_render.py	INCLUDED	figure_scripts
scripts_figures/fig_common.py	INCLUDED	figure_scripts
scripts_figures/tech_qc.py	INCLUDED	figure_scripts
scripts_figures/verify_fig6_value_identity.py	INCLUDED	figure_scripts
scripts_python/B35_compare_engines.py	INCLUDED	analysis_scripts_python
scripts_python/B35_deepdive.py	INCLUDED	analysis_scripts_python
scripts_python/B35_final_annot.py	INCLUDED	analysis_scripts_python
scripts_python/b3_download_libs.py	INCLUDED	analysis_scripts_python
scripts_python/b3_gene_map2.py	INCLUDED	analysis_scripts_python
scripts_python/b3_step01_load_verify.py	INCLUDED	analysis_scripts_python
scripts_python/b3_step02_run.py	INCLUDED	analysis_scripts_python
scripts_python/b3_step03_sensitivity.py	INCLUDED	analysis_scripts_python
scripts_python/b3_step04_diag.py	INCLUDED	analysis_scripts_python
scripts_python/b3_step06_arch.py	INCLUDED	analysis_scripts_python
scripts_python/b3_step07_gsea.py	INCLUDED	analysis_scripts_python
scripts_python/b3_step08_gsea_summary.py	INCLUDED	analysis_scripts_python
scripts_python/b3_step09_evidence.py	INCLUDED	analysis_scripts_python
scripts_python/b3_step10_gsea_points.py	INCLUDED	analysis_scripts_python
scripts_python/c2_11_stepA.py	INCLUDED	analysis_scripts_python
scripts_python/c2_11_stepB.py	INCLUDED	analysis_scripts_python
scripts_python/c2_11_stepB2.py	INCLUDED	analysis_scripts_python
scripts_python/c2_11_stepC.py	INCLUDED	analysis_scripts_python
scripts_python/c2_layerb_prep.py	INCLUDED	analysis_scripts_python
scripts_python/c2_layerb_run.py	INCLUDED	analysis_scripts_python
scripts_python/c3_figures.py	INCLUDED	analysis_scripts_python
scripts_python/c3_finalize_tsv.py	INCLUDED	analysis_scripts_python
scripts_python/c3_main_analysis.py	INCLUDED	analysis_scripts_python
scripts_python/c3_rebuild_primary.py	INCLUDED	analysis_scripts_python
scripts_python/c3_rebuild_robust.py	INCLUDED	analysis_scripts_python
scripts_python/c3_robust_genegene.py	INCLUDED	analysis_scripts_python
scripts_python/c3_robust_part1.py	INCLUDED	analysis_scripts_python
scripts_python/download_tcga.py	INCLUDED	analysis_scripts_python
scripts_python/null_batch.py	INCLUDED	analysis_scripts_python
scripts_python/prep_matrices.py	INCLUDED	analysis_scripts_python
scripts_python/prep_sets.py	INCLUDED	analysis_scripts_python
scripts_python/run_layerb_batch.py	INCLUDED	analysis_scripts_python
scripts_python/scRNA_lib.py	INCLUDED	analysis_scripts_python
scripts_python/score_ssgsea.py	INCLUDED	analysis_scripts_python
# --- prior inclusion/exclusion audit (retained, sanitized) ---
CODE_RELEASE/scripts_python/B35_compare_engines.py	python/35	analysis_code	INCLUDED	5af57acea1742cea07548920853765801acd35809913cb55283bf0dba6f53cd4	temp/B35_compare_engines.py	abs_project_path; pipeline prefix 35
CODE_RELEASE/scripts_python/B35_deepdive.py	python/35	analysis_code	INCLUDED	dc3ac47ff2363ee659abf6fd981ac49938e9e2291ad140d87ed2248b1b7f4ad1	temp/B35_deepdive.py	abs_project_path; pipeline prefix 35
CODE_RELEASE/scripts_python/B35_final_annot.py	python/35	analysis_code	INCLUDED	ab5ca0993e65edf5e617d547758b3aa72232e4c43fc343cbb0c13c609efc5341	temp/B35_final_annot.py	abs_project_path; pipeline prefix 35
CODE_RELEASE/scripts_python/b3_download_libs.py	python/00	analysis_code	INCLUDED	911d5c0ada84a8404e6776fb58396c0b1897253b14fce796137ac11a5a23a6fa	temp/b3_download_libs.py	abs_project_path; pipeline prefix 00
CODE_RELEASE/scripts_python/b3_gene_map2.py	python/05	analysis_code	INCLUDED	1809e40ad0c6fd84b95951d9fd67611d3064a9174a22aec2c22cbe2b9984653f	temp/b3_gene_map2.py	abs_project_path; pipeline prefix 05
CODE_RELEASE/scripts_python/b3_step01_load_verify.py	python/05	analysis_code	INCLUDED	6359bb4e16a6c09f0515abfaf1895b7d2fc9fecabfd73dc2fb4f995bcddc3449	temp/b3_step01_load_verify.py	abs_project_path; pipeline prefix 05
CODE_RELEASE/scripts_python/b3_step02_run.py	python/05	analysis_code	INCLUDED	0c03cc4a051f05a465a58ac5834b3d9cb08b38b3f00558cd7447d617510bdc22	temp/b3_step02_run.py	abs_project_path; pipeline prefix 05
CODE_RELEASE/scripts_python/b3_step03_sensitivity.py	python/05	analysis_code	INCLUDED	8abe1732e128be185985145b1576cf45078163d392749b7a5bde28c8105147cc	temp/b3_step03_sensitivity.py	abs_project_path; pipeline prefix 05
CODE_RELEASE/scripts_python/b3_step04_diag.py	python/05	analysis_code	INCLUDED	fb880afd4c55668762fb0bacfafde9be635f6b2d4e8d8e60441072cc7b43d0e9	temp/b3_step04_diag.py	abs_project_path; pipeline prefix 05
CODE_RELEASE/scripts_python/b3_step06_arch.py	python/05	analysis_code	INCLUDED	0122eb8611281b66cc7b372761e62419f2dccc6b0458c3d918533ac57491fada	temp/b3_step06_arch.py	abs_project_path; pipeline prefix 05
CODE_RELEASE/scripts_python/b3_step07_gsea.py	python/05	analysis_code	INCLUDED	41e802d752c8d79ae8d4d54766b9cb08a1a6571c4298f6bd0f169be6f5d0fa64	temp/b3_step07_gsea.py	abs_project_path; pipeline prefix 05
CODE_RELEASE/scripts_python/b3_step08_gsea_summary.py	python/05	analysis_code	INCLUDED	374d0865803b45f6e5e5ed23362936e471b1bf9db461d90e3cf8577a3fc086bc	temp/b3_step08_gsea_summary.py	abs_project_path; pipeline prefix 05
CODE_RELEASE/scripts_python/b3_step09_evidence.py	python/05	analysis_code	INCLUDED	ec508fa1dcd4ac3c83655d9f3abb981f6c433ad124648ec112f6e0cbbab8ef88	temp/b3_step09_evidence.py	abs_project_path; pipeline prefix 05
CODE_RELEASE/scripts_python/b3_step10_gsea_points.py	python/05	analysis_code	INCLUDED	d0baed1357d33eaf372a04d5a6c8ca1b5dc9face544a2edc844063edb623c33c	temp/b3_step10_gsea_points.py	abs_project_path; pipeline prefix 05
CODE_RELEASE/scripts_python/c2_11_stepA.py	python/11	analysis_code	INCLUDED	85e8e9f01c3c36a95c81682dca5091ffb79ce46b71885dba286e49208d38c1b7	temp/c2_11_stepA.py	none; pipeline prefix 11
CODE_RELEASE/scripts_python/c2_11_stepB.py	python/11	analysis_code	INCLUDED	8f27f3991cb4d2380eec8b26625d0c08955c92d5bef3589ca581834208d50da3	temp/c2_11_stepB.py	none; pipeline prefix 11
CODE_RELEASE/scripts_python/c2_11_stepB2.py	python/11	analysis_code	INCLUDED	6e0913aa1f5632da799b7fd0ee6b2d328b0b658a1b68d70ed145c9db02841e7a	temp/c2_11_stepB2.py	none; pipeline prefix 11
CODE_RELEASE/scripts_python/c2_11_stepC.py	python/11	analysis_code	INCLUDED	67c56b62fa93741eec99c370d46784aadfdfe6ccba3aef802425983143b8efb1	temp/c2_11_stepC.py	none; pipeline prefix 11
CODE_RELEASE/scripts_python/c2_layerb_prep.py	python/10	analysis_code	INCLUDED	2df88583bca9883391474499cbbf19a95b107cfe8f88f2532f8b06a7335f83e6	temp/c2_layerb_prep.py	abs_project_path; pipeline prefix 10
CODE_RELEASE/scripts_python/c2_layerb_run.py	python/10	analysis_code	INCLUDED	15d67ab8daeba7fc228725cb6e62703f15f9c7a6651eaf464cf7a4ec6433e0c2	temp/c2_layerb_run.py	abs_project_path; pipeline prefix 10
CODE_RELEASE/scripts_python/c3_figures.py	python/20	analysis_code	INCLUDED	80db3dd66f7d66112560eb2dbec5ef6b98b4366f152892bda2fe9c509c051810	temp/c3_data/c3_figures.py	none; pipeline prefix 20
CODE_RELEASE/scripts_python/c3_finalize_tsv.py	python/20	analysis_code	INCLUDED	213eb469020c3d738454a1b283b46d844f3c7fe4159a2b860d844e38445dad65	temp/c3_data/c3_finalize_tsv.py	none; pipeline prefix 20
CODE_RELEASE/scripts_python/c3_main_analysis.py	python/20	analysis_code	INCLUDED	2ccfc166c2e59d97e06b4503825b272a4b97f580d1f93c06f15ac34dca666f35	temp/c3_data/c3_main_analysis.py	none; pipeline prefix 20
CODE_RELEASE/scripts_python/c3_rebuild_primary.py	python/20	analysis_code	INCLUDED	4ca8219d9289a41069fd0ed44806f15cda04bb94eaecdb9af82e56994ff55c30	temp/c3_data/c3_rebuild_primary.py	none; pipeline prefix 20
CODE_RELEASE/scripts_python/c3_rebuild_robust.py	python/20	analysis_code	INCLUDED	d6735d9346c3f86cbd0a2e63682012c05c93f1e0b5dc91b3a8063cee3aadc9c0	temp/c3_data/c3_rebuild_robust.py	none; pipeline prefix 20
CODE_RELEASE/scripts_python/c3_robust_genegene.py	python/20	analysis_code	INCLUDED	d70898590e1f3e903d58fa631c8e886b93c8c4be94b9e776df4e15bcd51cf4bf	temp/c3_data/c3_robust_genegene.py	none; pipeline prefix 20
CODE_RELEASE/scripts_python/c3_robust_part1.py	python/20	analysis_code	INCLUDED	b2df1d495d9c446d2a0f0e15d7ea3c56911e5d9778402ef9e880004bec6f2c27	temp/c3_data/c3_robust_part1.py	none; pipeline prefix 20
CODE_RELEASE/scripts_python/download_tcga.py	python/20	analysis_code	INCLUDED	44022de2ecfcfddb3973a24bcfd270e9b33df7a3c653979336ccf7b3d58205e3	temp/c3_data/download_tcga.py	none; pipeline prefix 20
CODE_RELEASE/scripts_python/null_batch.py	python/10	analysis_code	INCLUDED	483acc090588a863042ec57da16237dac3afa9ca4bb8c481699b9803c5afdfae	temp/null_batch.py	none; pipeline prefix 10
CODE_RELEASE/scripts_python/prep_matrices.py	python/20	analysis_code	INCLUDED	f7b8f36bc503ac64064d45f46ccd287e23bf1a996ef5d849b05f2106b14c99d7	temp/c3_data/prep_matrices.py	none; pipeline prefix 20
CODE_RELEASE/scripts_python/prep_sets.py	python/20	analysis_code	INCLUDED	ca50736cd4d3dc9ae5e80966ebadace2f7ed6965f5a19b800dcabc0f4cec7078	temp/c3_data/prep_sets.py	none; pipeline prefix 20
CODE_RELEASE/scripts_python/run_layerb_batch.py	python/10	analysis_code	INCLUDED	dfeb8b84331007ef514cff4996c563daaaa9d51b69e0c11fc0227ff05b4cbd45	temp/run_layerb_batch.py	none; pipeline prefix 10
CODE_RELEASE/scripts_python/scRNA_lib.py	python/10	analysis_code	INCLUDED	b7f3feddaf43c65d58790ab510e0d22dedf2efda3fa20b9e7d1522284a9c2f13	temp/scRNA_lib.py	none; pipeline prefix 10
CODE_RELEASE/scripts_python/score_ssgsea.py	python/20	analysis_code	INCLUDED	b718cb57c9d95cb2de5aeffabbfe52ba5946406c64c12d7adc1db365dbb314d0	temp/c3_data/score_ssgsea.py	none; pipeline prefix 20
CODE_RELEASE/scripts_R/B35_engine_verification.R	R/35	analysis_code	INCLUDED	a73fb1b260553311330ad9593d5cd72c2a4d0f826e36b80fec5a8cdf412f7581	temp/B35_engine_verification.R	none; pipeline prefix 35
CODE_RELEASE/scripts_R/B35_run_deseq2.R	R/35	analysis_code	INCLUDED	43c9d320e58aebdbed2c4369217056c02b5c028eb6a6797844d013502256312c	temp/B35_run_deseq2.R	none; pipeline prefix 35
CODE_RELEASE/scripts_R/C1_dir.R	R/c1	analysis_code	INCLUDED	d909d746c16648cffdafe8ae2fde46f288677abcc45e4db6338cf038760d4bc9	temp/C1_dir.R	abs_project_path; pipeline prefix c1
CODE_RELEASE/scripts_R/C1_dir_rrho.R	R/c1	analysis_code	INCLUDED	5b5f8be42b13155b5fefc2b4ad3439589b539e92e2f419068a89ae4697b4f39a	temp/C1_dir_rrho.R	abs_project_path; pipeline prefix c1
CODE_RELEASE/scripts_R/C1_gsea.R	R/c1	analysis_code	INCLUDED	1db9b5981cd01868e7c005bf2c7d3be05bd3673d81cc126fa126d4875690f17b	temp/C1_gsea.R	abs_project_path; pipeline prefix c1
CODE_RELEASE/scripts_R/C1_limma.R	R/c1	analysis_code	INCLUDED	da005b6086f89e4f3602856712ec49dc97b623fc1f64e26f3e7d71ad507b9b2f	temp/C1_limma.R	abs_project_path; pipeline prefix c1
CODE_RELEASE/scripts_R/C1_preprocess.R	R/c1	analysis_code	INCLUDED	2e1addda3f0cfe3b8ae7f5aaaaa51c8e1693927ed7d3f64f29e64908a14860d2	temp/C1_preprocess.R	abs_project_path; pipeline prefix c1
CODE_RELEASE/scripts_R/C1_preprocess2.R	R/c1	analysis_code	INCLUDED	816137045ee35e5e1ea3b6f9f10e5406e9ff84cde6ea2e9d2957754073fc89fd	temp/C1_preprocess2.R	abs_project_path; pipeline prefix c1
CODE_RELEASE/scripts_R/C1_preprocess3.R	R/c1	analysis_code	INCLUDED	b4d59e26e195a9cedfef59a6b38a6ec4fb15ee0fa94adcd5ccb405e02af3b040	temp/C1_preprocess3.R	abs_project_path; pipeline prefix c1
CODE_RELEASE/scripts_R/C1_preprocess4.R	R/c1	analysis_code	INCLUDED	e5ec27259736fa070e31486225f66a7da112b20ef167ae203bb89d912d9c51e7	temp/C1_preprocess4.R	abs_project_path; pipeline prefix c1
CODE_RELEASE/scripts_R/C1_versions.R	R/c1	analysis_code	INCLUDED	b98bde2fb064b4b2055066dd07c675f3f58ea7b112aacaa45f6da79ca5e78dcb	temp/C1_versions.R	none; pipeline prefix c1
CODE_RELEASE/scripts_R/versions.R	R/00	analysis_code	INCLUDED	6f79f3551be27260f91ca948a273d0f93893f5dff88f4b4257a3f078a46f7f79	temp/versions.R	none; pipeline prefix 00
CODE_RELEASE/docs/vendor/_infercnv_src.py	vendor	analysis_code	INCLUDED	bde17e95d1c35905d48973dad6b12a26489f0a9813f70df1f21660f52e1852ab	temp/_infercnv_src.py	none; reference source excerpt for CNV-QC provenance
-	excluded	analysis_code	EXCLUDED		temp/B35_build_deliverables.py	internal deliverable/report builder
-	excluded	analysis_code	EXCLUDED		temp/B35_engine_verification_20260907_224843_132.R	timestamped duplicate of B35_engine_verification.R
-	excluded	analysis_code	EXCLUDED		temp/C1_diag.R	diagnostic probe
-	excluded	analysis_code	EXCLUDED		temp/C1_diag2.R	diagnostic probe
-	excluded	analysis_code	EXCLUDED		temp/_show_anchors.py	internal working probe
-	excluded	analysis_code	EXCLUDED		temp/b3_debug_cooks.py	debug probe
-	excluded	analysis_code	EXCLUDED		temp/b3_debug_sens.py	debug probe
-	excluded	analysis_code	EXCLUDED		temp/b3_debug_stat.py	debug probe
-	excluded	analysis_code	EXCLUDED		temp/b3_diag_design.py	diagnostic probe
-	excluded	analysis_code	EXCLUDED		temp/b3_gene_map.py	superseded by b3_gene_map2.py
-	excluded	analysis_code	EXCLUDED		temp/b3_netprobe.py	environment probe
-	excluded	analysis_code	EXCLUDED		temp/b3_probe_api.py	environment probe
-	excluded	analysis_code	EXCLUDED		temp/b3_probe_api2.py	environment probe
-	excluded	analysis_code	EXCLUDED		temp/b3_probe_api3.py	environment probe
-	excluded	analysis_code	EXCLUDED		temp/b3_probe_dds.py	environment probe
-	excluded	analysis_code	EXCLUDED		temp/b3_probe_methods.py	environment probe
-	excluded	analysis_code	EXCLUDED		temp/b3_probe_pydeseq2.py	environment probe
-	excluded	analysis_code	EXCLUDED		temp/b3_probe_src.py	environment probe
-	excluded	analysis_code	EXCLUDED		temp/b3_probe_utils.py	environment probe
-	excluded	analysis_code	EXCLUDED			internal working summary builder
-	excluded	analysis_code	EXCLUDED		temp/b3_smoke.py	environment probe
-	excluded	analysis_code	EXCLUDED		temp/b3_smoke2.py	environment probe
-	excluded	analysis_code	EXCLUDED		temp/md2docx_stageE.py	internal stage-specific manuscript tooling
-	excluded	analysis_code	EXCLUDED		temp/test_read.R	environment probe
-	excluded	analysis_code	EXCLUDED		temp/test_read_20260907_230207_620.R	environment probe (timestamped copy)
CODE_RELEASE/environment/software_versions_bulk_rnaseq.tsv	environment	environment_manifest	INCLUDED	2f2eaab311f587c755269599c7792248b9a6052ded5d691e78a69faabbba698a	output/B3_SOFTWARE_VERSIONS.tsv	copied/generated at F2 packaging
CODE_RELEASE/environment/software_versions_microarray_r.tsv	environment	environment_manifest	INCLUDED	b993873004e6020fb4520d92d878c69583bc40d15f8f9ef8b0929eff1f905ab6	output/C1_SOFTWARE_VERSIONS.tsv	copied/generated at F2 packaging
CODE_RELEASE/environment/software_versions_R_sessionInfo.txt	environment	environment_manifest	INCLUDED	b631923bfbce20a36abadb54b2a963b89826aa62852b52c32eadb9688ae8cff2	output/B35_R_SESSIONINFO.txt	copied/generated at F2 packaging
CODE_RELEASE/environment/python_environment_freeze.txt	environment	environment_manifest	INCLUDED	af438fe23406ca8a0bcc3aba39f3f86c294f879af454b96ac1c0b26734095d2c	generated at packaging time (pip freeze)	copied/generated at F2 packaging
CODE_RELEASE/environment/python_version.txt	environment	environment_manifest	INCLUDED	1ac8c41600e92ddaea1e9ace1831a8a2a3c182e6f9358ceecfadd70a1758a3a8	generated at packaging time	copied/generated at F2 packaging
CODE_RELEASE/genesets/C1_directional_sets.gmt	genesets	gene_set_definition	INCLUDED	65e16e5cdc498fb54aae8a29f677b1d59f4f5530ae6407803dcf7ef602e029c6	temp/C1_directional_sets.gmt	frozen directional gene sets used by the C1 microarray pipeline
CODE_RELEASE/genesets/frozen_signature_genes.tsv	genesets	gene_set_definition	INCLUDED	cfdc1513b7ab014a793364b6654343e7f4ddea8939d1321faf5193b9a23f9a30	output/C2_2_FROZEN_SIGNATURE_GENES.tsv	frozen gene sets used by Layer B single-cell module scoring
CODE_RELEASE/processed_tables/B1_EMTAB9043_METADATA.tsv	processed_tables	frozen_result_table	INCLUDED	5c2508b04f62c848f25ccd3239bc1cf7a3726a44287f643ecdd9300ae74a83b9	output/B1_EMTAB9043_METADATA.tsv	frozen processed result table (non-identifiable; derived from public datasets); PRODUCER SCRIPT MISSING IN WORKSPACE
CODE_RELEASE/processed_tables/B1_MASTER_SAMPLE_SHEET.tsv	processed_tables	frozen_result_table	INCLUDED	13321072c5014bc11177b48cd22584a9c1b33c43814d9ed9b1b24a5892737752	output/B1_MASTER_SAMPLE_SHEET.tsv	frozen processed result table (non-identifiable; derived from public datasets)
CODE_RELEASE/processed_tables/B1_MATRIX_AUDIT.tsv	processed_tables	frozen_result_table	INCLUDED	0e45deec69f9872f00a0f9e856e582f480de9c99b0bd98b72549461497bbcd48	output/B1_MATRIX_AUDIT.tsv	frozen processed result table (non-identifiable; derived from public datasets); PRODUCER SCRIPT MISSING IN WORKSPACE
CODE_RELEASE/processed_tables/B2_ANALYSIS_MANIFEST.tsv	processed_tables	frozen_result_table	INCLUDED	b3deb96e66850670a626f1a80dc1be1facad765ea9048eab91d86c9069139c0f	output/B2_ANALYSIS_MANIFEST.tsv	frozen processed result table (non-identifiable; derived from public datasets); PRODUCER SCRIPT MISSING IN WORKSPACE
CODE_RELEASE/processed_tables/B2_CONTRAST_DICTIONARY.tsv	processed_tables	frozen_result_table	INCLUDED	c08d6a38368fba05907eb1a18a472e824941058b8b08f9bd48e7bbe293ba8790	output/B2_CONTRAST_DICTIONARY.tsv	frozen processed result table (non-identifiable; derived from public datasets); PRODUCER SCRIPT MISSING IN WORKSPACE
CODE_RELEASE/processed_tables/B2_FROZEN_SAMPLE_TABLE.tsv	processed_tables	frozen_result_table	INCLUDED	9eccbb438417a5404e4aa4e266162099ff0c14787db09bdcc59dbc0c78fb14e1	output/B2_FROZEN_SAMPLE_TABLE.tsv	frozen processed result table (non-identifiable; derived from public datasets)
CODE_RELEASE/processed_tables/B35_C4_ENGINE_COMPARISON.tsv	processed_tables	frozen_result_table	INCLUDED	04414916011591f9dc51a4cee6212f77f532a519f485f424383ba0846d944039	output/B35_C4_ENGINE_COMPARISON.tsv	frozen processed result table (non-identifiable; derived from public datasets); PRODUCER SCRIPT MISSING IN WORKSPACE
CODE_RELEASE/processed_tables/B35_C5_ENGINE_COMPARISON.tsv	processed_tables	frozen_result_table	INCLUDED	d74aad1f11a66d0c1a8eb900421e786bbf2f44002b1002fbc51926ff0841d754	output/B35_C5_ENGINE_COMPARISON.tsv	frozen processed result table (non-identifiable; derived from public datasets); PRODUCER SCRIPT MISSING IN WORKSPACE
CODE_RELEASE/processed_tables/B35_DESEQ2_SUMMARY.tsv	processed_tables	frozen_result_table	INCLUDED	eb9cdbe3c12c2ac4cb7896ba982441ef674c671004061a54f090dcd9345cd1ed	output/B35_DESEQ2_SUMMARY.tsv	frozen processed result table (non-identifiable; derived from public datasets)
CODE_RELEASE/processed_tables/B35_GENE_ANNOTATION.tsv	processed_tables	frozen_result_table	INCLUDED	b1d11519a65391f4c5af356676be3e687ee9c096f7e0e008fea3b756f94cf222	output/B35_GENE_ANNOTATION.tsv	frozen processed result table (non-identifiable; derived from public datasets)
CODE_RELEASE/processed_tables/B35_R_MODEL_MATRIX.csv	processed_tables	frozen_result_table	INCLUDED	19d427f957c33b81279ba2d0b789138aacbedc1f38f7c720eb09e1b2c6a5b282	output/B35_R_MODEL_MATRIX.csv	frozen processed result table (non-identifiable; derived from public datasets); PRODUCER SCRIPT MISSING IN WORKSPACE
CODE_RELEASE/processed_tables/B3_DE_SUMMARY.tsv	processed_tables	frozen_result_table	INCLUDED	6494ef1e40980a7032c0ce56d48772ede059737f91f5c775a1c55e961082ed50	output/B3_DE_SUMMARY.tsv	frozen processed result table (non-identifiable; derived from public datasets)
CODE_RELEASE/processed_tables/B3_FULL_RESULTS_C1.tsv	processed_tables	frozen_result_table	INCLUDED	c326503480abc55f9dbceb25a94fdd16af92833f2065c71fee583f5da8aaa763	output/B3_FULL_RESULTS_C1.tsv	frozen processed result table (non-identifiable; derived from public datasets)
CODE_RELEASE/processed_tables/B3_FULL_RESULTS_C2.tsv	processed_tables	frozen_result_table	INCLUDED	79473acfa029c90c623d9553508ef02d5f90ddfca6c736e617501e1e5bcfdfa7	output/B3_FULL_RESULTS_C2.tsv	frozen processed result table (non-identifiable; derived from public datasets)
CODE_RELEASE/processed_tables/B3_FULL_RESULTS_C3.tsv	processed_tables	frozen_result_table	INCLUDED	7d1ea03bacc5b8e9bee98e2129933cacd81ef37b9f9f73c3b6c3c0211d8732e4	output/B3_FULL_RESULTS_C3.tsv	frozen processed result table (non-identifiable; derived from public datasets)
CODE_RELEASE/processed_tables/B3_FULL_RESULTS_C4.tsv	processed_tables	frozen_result_table	INCLUDED	21be7b65cc67074c7e543185ad0974c040bebc40673a2628b23ee055cee7eec2	output/B3_FULL_RESULTS_C4.tsv	frozen processed result table (non-identifiable; derived from public datasets)
CODE_RELEASE/processed_tables/B3_FULL_RESULTS_C5.tsv	processed_tables	frozen_result_table	INCLUDED	611435ade6f9de8d1c447f8ca291b312a2962e6f7fe4459351221e960fdcee8b	output/B3_FULL_RESULTS_C5.tsv	frozen processed result table (non-identifiable; derived from public datasets)
CODE_RELEASE/processed_tables/B3_FULL_RESULTS_C5_INTERACTION.tsv	processed_tables	frozen_result_table	INCLUDED	611435ade6f9de8d1c447f8ca291b312a2962e6f7fe4459351221e960fdcee8b	output/B3_FULL_RESULTS_C5_INTERACTION.tsv	frozen processed result table (non-identifiable; derived from public datasets)
CODE_RELEASE/processed_tables/B3_GSEA_ALL.tsv	processed_tables	frozen_result_table	INCLUDED	866e93471395fc0b7d6b941e96a632e6f5df92b17f543a2546d9fb9760bb40be	output/B3_GSEA_ALL.tsv	frozen processed result table (non-identifiable; derived from public datasets)
CODE_RELEASE/processed_tables/B3_GSEA_GOBP.tsv	processed_tables	frozen_result_table	INCLUDED	aec2e5c75e5b550e17287b6f03d6bf75b1caae8900b07066f2f118f035c162e5	output/B3_GSEA_GOBP.tsv	frozen processed result table (non-identifiable; derived from public datasets)
CODE_RELEASE/processed_tables/B3_GSEA_HALLMARK.tsv	processed_tables	frozen_result_table	INCLUDED	d9513511edfdd11516842612bb1f8df027bda262bf1303eb0fce7c3afb576b35	output/B3_GSEA_HALLMARK.tsv	frozen processed result table (non-identifiable; derived from public datasets)
CODE_RELEASE/processed_tables/B3_GSEA_REACTOME.tsv	processed_tables	frozen_result_table	INCLUDED	466ef1f1d5a5ea4cfe8c9ed874a0e13584a923b1bd17d193cd72ae953fc58c4c	output/B3_GSEA_REACTOME.tsv	frozen processed result table (non-identifiable; derived from public datasets)
CODE_RELEASE/processed_tables/B3_INTERACTION_TOP_GENES.tsv	processed_tables	frozen_result_table	INCLUDED	d3b1625a1f8eebbdc702a270de1b7e717db5b3331642b2ee68ced0552110d948	output/B3_INTERACTION_TOP_GENES.tsv	frozen processed result table (non-identifiable; derived from public datasets)
CODE_RELEASE/processed_tables/B3_SOFTWARE_VERSIONS.tsv	processed_tables	frozen_result_table	INCLUDED	2f2eaab311f587c755269599c7792248b9a6052ded5d691e78a69faabbba698a	output/B3_SOFTWARE_VERSIONS.tsv	frozen processed result table (non-identifiable; derived from public datasets); PRODUCER SCRIPT MISSING IN WORKSPACE
CODE_RELEASE/processed_tables/C1_C4_CROSS_PLATFORM_COMPARISON.tsv	processed_tables	frozen_result_table	INCLUDED	4270700cc9365cd06e74d2e3b4a2169a47b71176688a05943c1ac64d3246841f	output/C1_C4_CROSS_PLATFORM_COMPARISON.tsv	frozen processed result table (non-identifiable; derived from public datasets); PRODUCER SCRIPT MISSING IN WORKSPACE
CODE_RELEASE/processed_tables/C1_C5_CROSS_PLATFORM_COMPARISON.tsv	processed_tables	frozen_result_table	INCLUDED	a793c229668a7515902b4489a214a11b6e6f7a75e9d57891f1f9c8a48359d30b	output/C1_C5_CROSS_PLATFORM_COMPARISON.tsv	frozen processed result table (non-identifiable; derived from public datasets); PRODUCER SCRIPT MISSING IN WORKSPACE
CODE_RELEASE/processed_tables/C1_COMMON_GENE_UNIVERSE.tsv	processed_tables	frozen_result_table	INCLUDED	91afbf9f1cbc0b92b134a1222e70022a628d2f21b7ce30df68f41b1a004bd447	output/C1_COMMON_GENE_UNIVERSE.tsv	frozen processed result table (non-identifiable; derived from public datasets)
CODE_RELEASE/processed_tables/C1_GIN28_DBS_vs_CTRL.tsv	processed_tables	frozen_result_table	INCLUDED	adcd44770016b8e13b339f3c1f90b0860080f2a3d4138689e00867b48e4ebedc	output/C1_GIN28_DBS_vs_CTRL.tsv	frozen processed result table (non-identifiable; derived from public datasets); PRODUCER SCRIPT MISSING IN WORKSPACE
CODE_RELEASE/processed_tables/C1_GIN28_TTFields_vs_CTRL.tsv	processed_tables	frozen_result_table	INCLUDED	ac4ff63fae2fadc439ccc3aa9b97fe3d21a8edf94148c19a48fe4e9e77d4cb32	output/C1_GIN28_TTFields_vs_CTRL.tsv	frozen processed result table (non-identifiable; derived from public datasets); PRODUCER SCRIPT MISSING IN WORKSPACE
CODE_RELEASE/processed_tables/C1_KNS42_DBS_vs_CTRL.tsv	processed_tables	frozen_result_table	INCLUDED	df1d4012053b26652fdc20744170c97b51338208d6c2583f97b30ea385f2163c	output/C1_KNS42_DBS_vs_CTRL.tsv	frozen processed result table (non-identifiable; derived from public datasets); PRODUCER SCRIPT MISSING IN WORKSPACE
CODE_RELEASE/processed_tables/C1_KNS42_TTFields_vs_CTRL.tsv	processed_tables	frozen_result_table	INCLUDED	b2fbf331420ac66a59e72d0b2451ea3ae1f77445546c8d15af186c4b30fad78d	output/C1_KNS42_TTFields_vs_CTRL.tsv	frozen processed result table (non-identifiable; derived from public datasets); PRODUCER SCRIPT MISSING IN WORKSPACE
CODE_RELEASE/processed_tables/C1_PATHWAY_CONCORDANCE.tsv	processed_tables	frozen_result_table	INCLUDED	14b8e4b0ddfea57ec7a1b99522f3c45d6e11b56ae0d5d4d5c7702799271204d4	output/C1_PATHWAY_CONCORDANCE.tsv	frozen processed result table (non-identifiable; derived from public datasets); PRODUCER SCRIPT MISSING IN WORKSPACE
CODE_RELEASE/processed_tables/C1_SOFTWARE_VERSIONS.tsv	processed_tables	frozen_result_table	INCLUDED	b993873004e6020fb4520d92d878c69583bc40d15f8f9ef8b0929eff1f905ab6	output/C1_SOFTWARE_VERSIONS.tsv	frozen processed result table (non-identifiable; derived from public datasets); PRODUCER SCRIPT MISSING IN WORKSPACE
CODE_RELEASE/processed_tables/C1_U87MG_DBS_vs_CTRL.tsv	processed_tables	frozen_result_table	INCLUDED	377db2855a524737c38b908b0a2469c8bfb4894bd1bbe710d5f3ee53ebd0bb80	output/C1_U87MG_DBS_vs_CTRL.tsv	frozen processed result table (non-identifiable; derived from public datasets); PRODUCER SCRIPT MISSING IN WORKSPACE
CODE_RELEASE/processed_tables/C1_U87MG_TTFields_vs_CTRL.tsv	processed_tables	frozen_result_table	INCLUDED	404d767c877f25aa7bc7826d5897262d7e29c6d146c8d6e92627ab2c2577f749	output/C1_U87MG_TTFields_vs_CTRL.tsv	frozen processed result table (non-identifiable; derived from public datasets); PRODUCER SCRIPT MISSING IN WORKSPACE
CODE_RELEASE/processed_tables/C2_11_EVIDENCE_GRADES.tsv	processed_tables	frozen_result_table	INCLUDED	64521daa3737b142003cce26e09193414dce31717db836953d9f56ecf4a0bb57	output/C2_11_EVIDENCE_GRADES.tsv	frozen processed result table (non-identifiable; derived from public datasets); PRODUCER SCRIPT MISSING IN WORKSPACE
CODE_RELEASE/processed_tables/C2_11_EXPANDED_CATEGORY_COUNTS.tsv	processed_tables	frozen_result_table	INCLUDED	d950f81c396fbeeffb207277fed075cf8c0fd8d50202563e9ba8ac166951f71c	output/C2_11_EXPANDED_CATEGORY_COUNTS.tsv	frozen processed result table (non-identifiable; derived from public datasets)
CODE_RELEASE/processed_tables/C2_11_EXPANDED_MAPPING_DIAG.tsv	processed_tables	frozen_result_table	INCLUDED	a7d59c3671a93da615f86b2ad47c2bd5514d2a9ac485229cde52abeae61e3c7e	output/C2_11_EXPANDED_MAPPING_DIAG.tsv	frozen processed result table (non-identifiable; derived from public datasets)
CODE_RELEASE/processed_tables/C2_11_LOPO_A_core.tsv	processed_tables	frozen_result_table	INCLUDED	ef790fc306f42ebf0d2859a05634df77668e1f4edc1112054e9f30979603b3cc	output/C2_11_LOPO_A_core.tsv	frozen processed result table (non-identifiable; derived from public datasets); PRODUCER SCRIPT MISSING IN WORKSPACE
CODE_RELEASE/processed_tables/C2_11_LOPO_B_mapped_all.tsv	processed_tables	frozen_result_table	INCLUDED	d9f3cc6df6c6947e58448f8aaf2309ffd2b1e1362e7024769130d67c60246025	output/C2_11_LOPO_B_mapped_all.tsv	frozen processed result table (non-identifiable; derived from public datasets); PRODUCER SCRIPT MISSING IN WORKSPACE
CODE_RELEASE/processed_tables/C2_11_PATIENT_EFFECTS_A_core.tsv	processed_tables	frozen_result_table	INCLUDED	e6cc59982f056b8f96e70fe184b1b5e014107f59f83351603d05a5371c0069a6	output/C2_11_PATIENT_EFFECTS_A_core.tsv	frozen processed result table (non-identifiable; derived from public datasets); PRODUCER SCRIPT MISSING IN WORKSPACE
CODE_RELEASE/processed_tables/C2_11_PATIENT_EFFECTS_B_mapped_all.tsv	processed_tables	frozen_result_table	INCLUDED	5e5792b8ea7b1312ebe85ef8d63639ad39f6b75d8b8e7bbe747b86cf23f05a17	output/C2_11_PATIENT_EFFECTS_B_mapped_all.tsv	frozen processed result table (non-identifiable; derived from public datasets); PRODUCER SCRIPT MISSING IN WORKSPACE
CODE_RELEASE/processed_tables/C2_12_MASTER_EVIDENCE.tsv	processed_tables	frozen_result_table	INCLUDED	957f8084593c8cdff4ff874903303665168407d3e3da12e3e7b779414c778884	output/C2_12_MASTER_EVIDENCE.tsv	frozen processed result table (non-identifiable; derived from public datasets); PRODUCER SCRIPT MISSING IN WORKSPACE
CODE_RELEASE/processed_tables/C2_2_FROZEN_SIGNATURES_COVERAGE.tsv	processed_tables	frozen_result_table	INCLUDED	bb2b7954a0edc60d7931996d412c04faa05a264ccd4a1af5079110f5495319ff	output/C2_2_FROZEN_SIGNATURES_COVERAGE.tsv	frozen processed result table (non-identifiable; derived from public datasets); PRODUCER SCRIPT MISSING IN WORKSPACE
CODE_RELEASE/processed_tables/C2_2_FROZEN_SIGNATURE_GENES.tsv	processed_tables	frozen_result_table	INCLUDED	cfdc1513b7ab014a793364b6654343e7f4ddea8939d1321faf5193b9a23f9a30	output/C2_2_FROZEN_SIGNATURE_GENES.tsv	frozen processed result table (non-identifiable; derived from public datasets)
CODE_RELEASE/processed_tables/C2_3_CC_DEPLETION_SUMMARY.tsv	processed_tables	frozen_result_table	INCLUDED	e0f111ce7c00c3515d06745ed3da3a83ec73e4982686707cafe2d82c94deae3e	output/C2_3_CC_DEPLETION_SUMMARY.tsv	frozen processed result table (non-identifiable; derived from public datasets); PRODUCER SCRIPT MISSING IN WORKSPACE
CODE_RELEASE/processed_tables/C2_3_CELLCYCLE_REMOVAL_LIST_FROZEN.tsv	processed_tables	frozen_result_table	INCLUDED	4b403475b685aab22dbc4453b6f0fb253edeb3c2a53d378beac07bddb7f01eca	output/C2_3_CELLCYCLE_REMOVAL_LIST_FROZEN.tsv	frozen processed result table (non-identifiable; derived from public datasets)
CODE_RELEASE/processed_tables/C2_4_COUTURIER_SAMPLE_ROLES.tsv	processed_tables	frozen_result_table	INCLUDED	c323b69a387018cddcae011058f308411c5f23323235257a7c415a10c604f23d	output/C2_4_COUTURIER_SAMPLE_ROLES.tsv	frozen processed result table (non-identifiable; derived from public datasets); PRODUCER SCRIPT MISSING IN WORKSPACE
CODE_RELEASE/processed_tables/C2_4_QC_NEFTEL_10X.tsv	processed_tables	frozen_result_table	INCLUDED	cc9028beb3cfb48d96415f070c21252bca840fe1b3499c8d032320c5ad9101a3	output/C2_4_QC_NEFTEL_10X.tsv	frozen processed result table (non-identifiable; derived from public datasets); PRODUCER SCRIPT MISSING IN WORKSPACE
CODE_RELEASE/processed_tables/C2_4_QC_NEFTEL_SS2.tsv	processed_tables	frozen_result_table	INCLUDED	3c576206b6f48b669a29c9d870bf26114c295ed0e48fc58a7df325125af414ef	output/C2_4_QC_NEFTEL_SS2.tsv	frozen processed result table (non-identifiable; derived from public datasets); PRODUCER SCRIPT MISSING IN WORKSPACE
CODE_RELEASE/processed_tables/C2_DATASET_CANDIDATES.tsv	processed_tables	frozen_result_table	INCLUDED	7e3ff535bb0886d5448d3a81409b941cd19d16fc813fabe9549173d924aee64d	output/C2_DATASET_CANDIDATES.tsv	frozen processed result table (non-identifiable; derived from public datasets); PRODUCER SCRIPT MISSING IN WORKSPACE
CODE_RELEASE/processed_tables/C2_LAYERB_CNV_QC.tsv	processed_tables	frozen_result_table	INCLUDED	9f1873de6bf4c4adc7b20da445dde73919a5ab6071099d1950164b9611f3f44a	output/C2_LAYERB_CNV_QC.tsv	frozen processed result table (non-identifiable; derived from public datasets)
CODE_RELEASE/processed_tables/C2_LAYERB_STATE_TESTS.tsv	processed_tables	frozen_result_table	INCLUDED	5cdc666dcb5856f858c4214718b45f8328ecfc5a005501fa186c20f4cbf1db14	output/C2_LAYERB_STATE_TESTS.tsv	frozen processed result table (non-identifiable; derived from public datasets)
CODE_RELEASE/processed_tables/C2_NEFTEL_PATIENT_CROSSWALK.tsv	processed_tables	frozen_result_table	INCLUDED	d46d330f2d0ab210849e9800742357952e963db9f2f6fc5dba147d8410efe002	output/C2_NEFTEL_PATIENT_CROSSWALK.tsv	frozen processed result table (non-identifiable; derived from public datasets); PRODUCER SCRIPT MISSING IN WORKSPACE
CODE_RELEASE/processed_tables/C2_couturier_layerA_alt_state_tests.tsv	processed_tables	frozen_result_table	INCLUDED	5a3a8836d88b576f0daefe53f8607aecb82adc584d14c749b691b0b85e63ed24	output/C2_couturier_layerA_alt_state_tests.tsv	frozen processed result table (non-identifiable; derived from public datasets); PRODUCER SCRIPT MISSING IN WORKSPACE
CODE_RELEASE/processed_tables/C2_couturier_layerA_lopo.tsv	processed_tables	frozen_result_table	INCLUDED	1c0333613026364272086160bcd0e177de36ff325718027a93d5f853d94f3197	output/C2_couturier_layerA_lopo.tsv	frozen processed result table (non-identifiable; derived from public datasets)
CODE_RELEASE/processed_tables/C2_couturier_layerA_state_tests.tsv	processed_tables	frozen_result_table	INCLUDED	b859fb0fcd09608bd13e74a073592c3b582436bd218692c7f044d21b6d057407	output/C2_couturier_layerA_state_tests.tsv	frozen processed result table (non-identifiable; derived from public datasets); PRODUCER SCRIPT MISSING IN WORKSPACE
CODE_RELEASE/processed_tables/C2_couturier_layerA_state_tests_all.tsv	processed_tables	frozen_result_table	INCLUDED	5f85bd7214b2007c01384bf714872bb085244be7e9a750851a8668b28225ec0a	output/C2_couturier_layerA_state_tests_all.tsv	frozen processed result table (non-identifiable; derived from public datasets); PRODUCER SCRIPT MISSING IN WORKSPACE
CODE_RELEASE/processed_tables/C2_ss2_state_tests_unified.tsv	processed_tables	frozen_result_table	INCLUDED	f5ec79f9af77573e88ae4a1b0be9aa827d64b757506c56dc82d5e4c69be5228c	output/C2_ss2_state_tests_unified.tsv	frozen processed result table (non-identifiable; derived from public datasets); PRODUCER SCRIPT MISSING IN WORKSPACE
CODE_RELEASE/processed_tables/C3_C5_EXPLORATORY.tsv	processed_tables	frozen_result_table	INCLUDED	72155b775795e484f5d5f1894f409e05fb26d078e1ca064c80eb90bba70fe378	output/C3_C5_EXPLORATORY.tsv	frozen processed result table (non-identifiable; derived from public datasets)
CODE_RELEASE/processed_tables/C3_DATASET_QC.tsv	processed_tables	frozen_result_table	INCLUDED	0b98eb707feade8aea94b925ce491c6c8e41b6607506ca00238d25148861ccd8	output/C3_DATASET_QC.tsv	frozen processed result table (non-identifiable; derived from public datasets)
CODE_RELEASE/processed_tables/C3_PRIMARY_RESULTS.tsv	processed_tables	frozen_result_table	INCLUDED	e60429c23e3d4d0c968dddee772a5ccc6eb8569199a8992a39a2c6e2a42ee651	output/C3_PRIMARY_RESULTS.tsv	frozen processed result table (non-identifiable; derived from public datasets)
CODE_RELEASE/processed_tables/C3_ROBUSTNESS.tsv	processed_tables	frozen_result_table	INCLUDED	0f38fd2c1c99e503624ad6e83ad31fb920cec1344f3eb3f67c651fb752391f73	output/C3_ROBUSTNESS.tsv	frozen processed result table (non-identifiable; derived from public datasets)
CODE_RELEASE/processed_tables/C3_SECONDARY_RESULTS.tsv	processed_tables	frozen_result_table	INCLUDED	19faa7e2d049392f41dac21694f8aca65c5d69943d5c426383773242806db660	output/C3_SECONDARY_RESULTS.tsv	frozen processed result table (non-identifiable; derived from public datasets)
CODE_RELEASE/processed_tables/C4_CLAIM_FIGURE_MATRIX.tsv	processed_tables	frozen_result_table	INCLUDED	05bd95c6c38009a36d9796de7c509fe36eab52a2ceced3f709b853b62eeab0d2	output/C4_CLAIM_FIGURE_MATRIX.tsv	frozen processed result table (non-identifiable; derived from public datasets); PRODUCER SCRIPT MISSING IN WORKSPACE | F2 cleanup: internal drafting note in the 'note' column neutralised; no claim text, evidence grade or figure mapping altered
CODE_RELEASE/processed_tables/C4_MASTER_EVIDENCE.tsv	processed_tables	frozen_result_table	INCLUDED	187d39e4c3f56a95a6b925047040476524954f204ddfbf523a36599e8a124e8b	output/C4_MASTER_EVIDENCE.tsv	frozen processed result table (non-identifiable; derived from public datasets); PRODUCER SCRIPT MISSING IN WORKSPACE
CODE_RELEASE/processed_tables/C4_NEGATIVE_RESULTS.tsv	processed_tables	frozen_result_table	INCLUDED	5e3acc6cf1c8a47fbb32037eea8f4d54854862fe8bc44ba94c753f5c09d9ab52	output/C4_NEGATIVE_RESULTS.tsv	frozen processed result table (non-identifiable; derived from public datasets); PRODUCER SCRIPT MISSING IN WORKSPACE
CODE_RELEASE/processed_tables/GSE324656_FILE_INVENTORY.tsv	processed_tables	frozen_result_table	INCLUDED	ef293c12fe5ad624271f3f9d59e7140b91bf3bb3848f8aca86697d228fae5fe1	output/GSE324656_FILE_INVENTORY.tsv	frozen processed result table (non-identifiable; derived from public datasets); PRODUCER SCRIPT MISSING IN WORKSPACE
CODE_RELEASE/processed_tables/GSE324656_NOVELTY_MATRIX.tsv	processed_tables	frozen_result_table	INCLUDED	54b5b8dde763b74d97d382cfade3a4002a0e0b9e066daf9ec6c4abcbc758b3ab	output/GSE324656_NOVELTY_MATRIX.tsv	frozen processed result table (non-identifiable; derived from public datasets); PRODUCER SCRIPT MISSING IN WORKSPACE
CODE_RELEASE/processed_tables/GSE324656_SAMPLE_METADATA.tsv	processed_tables	frozen_result_table	INCLUDED	ac5e6698b42219553ab1ee04fbad8288aec1bcabffe8beaf3f495afb18eddbec	output/GSE324656_SAMPLE_METADATA.tsv	frozen processed result table (non-identifiable; derived from public datasets); PRODUCER SCRIPT MISSING IN WORKSPACE
CODE_RELEASE/qc_figures/B3_QC_C5_diagnostics.png	qc_figures	qc_diagnostic_figure	INCLUDED	40fccdaa6970d5ee2f0f1b24668f4d6c4d2ef4f4d8c386342692dfaadec9dab7	output/B3_QC/B3_QC_C5_diagnostics.png	QC diagnostic plot retained for provenance; not a manuscript figure
CODE_RELEASE/qc_figures/B3_QC_C5_vs_C4_additivity.png	qc_figures	qc_diagnostic_figure	INCLUDED	bc571798ba7d43fe380b47884d1f01fb56360cf7ba128759911fe1c265938a90	output/B3_QC/B3_QC_C5_vs_C4_additivity.png	QC diagnostic plot retained for provenance; not a manuscript figure
-	scripts_python	analysis_code	MISSING		temp/b3_step05_*.py	pipeline numbering gap: no step05 file exists in the workspace (retained sequence step04 -> step06); not re-created
-	producer_scripts	analysis_code	MISSING		output/B1_EMTAB9043_METADATA.tsv	producer script for this frozen table is NOT present in the workspace; the frozen table is retained as-is; script NOT re-created and NOT invented
-	producer_scripts	analysis_code	MISSING		output/B1_MATRIX_AUDIT.tsv	producer script for this frozen table is NOT present in the workspace; the frozen table is retained as-is; script NOT re-created and NOT invented
-	producer_scripts	analysis_code	MISSING		output/B2_ANALYSIS_MANIFEST.tsv	producer script for this frozen table is NOT present in the workspace; the frozen table is retained as-is; script NOT re-created and NOT invented
-	producer_scripts	analysis_code	MISSING		output/B2_CONTRAST_DICTIONARY.tsv	producer script for this frozen table is NOT present in the workspace; the frozen table is retained as-is; script NOT re-created and NOT invented
-	producer_scripts	analysis_code	MISSING		output/B35_C4_ENGINE_COMPARISON.tsv	producer script for this frozen table is NOT present in the workspace; the frozen table is retained as-is; script NOT re-created and NOT invented
-	producer_scripts	analysis_code	MISSING		output/B35_C5_ENGINE_COMPARISON.tsv	producer script for this frozen table is NOT present in the workspace; the frozen table is retained as-is; script NOT re-created and NOT invented
-	producer_scripts	analysis_code	MISSING		output/B35_R_MODEL_MATRIX.csv	producer script for this frozen table is NOT present in the workspace; the frozen table is retained as-is; script NOT re-created and NOT invented
-	producer_scripts	analysis_code	MISSING		output/B3_SOFTWARE_VERSIONS.tsv	producer script for this frozen table is NOT present in the workspace; the frozen table is retained as-is; script NOT re-created and NOT invented
-	producer_scripts	analysis_code	MISSING		output/C1_C4_CROSS_PLATFORM_COMPARISON.tsv	producer script for this frozen table is NOT present in the workspace; the frozen table is retained as-is; script NOT re-created and NOT invented
-	producer_scripts	analysis_code	MISSING		output/C1_C5_CROSS_PLATFORM_COMPARISON.tsv	producer script for this frozen table is NOT present in the workspace; the frozen table is retained as-is; script NOT re-created and NOT invented
-	producer_scripts	analysis_code	MISSING		output/C1_GIN28_DBS_vs_CTRL.tsv	producer script for this frozen table is NOT present in the workspace; the frozen table is retained as-is; script NOT re-created and NOT invented
-	producer_scripts	analysis_code	MISSING		output/C1_GIN28_TTFields_vs_CTRL.tsv	producer script for this frozen table is NOT present in the workspace; the frozen table is retained as-is; script NOT re-created and NOT invented
-	producer_scripts	analysis_code	MISSING		output/C1_KNS42_DBS_vs_CTRL.tsv	producer script for this frozen table is NOT present in the workspace; the frozen table is retained as-is; script NOT re-created and NOT invented
-	producer_scripts	analysis_code	MISSING		output/C1_KNS42_TTFields_vs_CTRL.tsv	producer script for this frozen table is NOT present in the workspace; the frozen table is retained as-is; script NOT re-created and NOT invented
-	producer_scripts	analysis_code	MISSING		output/C1_PATHWAY_CONCORDANCE.tsv	producer script for this frozen table is NOT present in the workspace; the frozen table is retained as-is; script NOT re-created and NOT invented
-	producer_scripts	analysis_code	MISSING		output/C1_SOFTWARE_VERSIONS.tsv	producer script for this frozen table is NOT present in the workspace; the frozen table is retained as-is; script NOT re-created and NOT invented
-	producer_scripts	analysis_code	MISSING		output/C1_U87MG_DBS_vs_CTRL.tsv	producer script for this frozen table is NOT present in the workspace; the frozen table is retained as-is; script NOT re-created and NOT invented
-	producer_scripts	analysis_code	MISSING		output/C1_U87MG_TTFields_vs_CTRL.tsv	producer script for this frozen table is NOT present in the workspace; the frozen table is retained as-is; script NOT re-created and NOT invented
-	producer_scripts	analysis_code	MISSING		output/C2_11_EVIDENCE_GRADES.tsv	producer script for this frozen table is NOT present in the workspace; the frozen table is retained as-is; script NOT re-created and NOT invented
-	producer_scripts	analysis_code	MISSING		output/C2_11_LOPO_A_core.tsv	producer script for this frozen table is NOT present in the workspace; the frozen table is retained as-is; script NOT re-created and NOT invented
-	producer_scripts	analysis_code	MISSING		output/C2_11_LOPO_B_mapped_all.tsv	producer script for this frozen table is NOT present in the workspace; the frozen table is retained as-is; script NOT re-created and NOT invented
-	producer_scripts	analysis_code	MISSING		output/C2_11_PATIENT_EFFECTS_A_core.tsv	producer script for this frozen table is NOT present in the workspace; the frozen table is retained as-is; script NOT re-created and NOT invented
-	producer_scripts	analysis_code	MISSING		output/C2_11_PATIENT_EFFECTS_B_mapped_all.tsv	producer script for this frozen table is NOT present in the workspace; the frozen table is retained as-is; script NOT re-created and NOT invented
-	producer_scripts	analysis_code	MISSING		output/C2_12_MASTER_EVIDENCE.tsv	producer script for this frozen table is NOT present in the workspace; the frozen table is retained as-is; script NOT re-created and NOT invented
-	producer_scripts	analysis_code	MISSING		output/C2_2_FROZEN_SIGNATURES_COVERAGE.tsv	producer script for this frozen table is NOT present in the workspace; the frozen table is retained as-is; script NOT re-created and NOT invented
-	producer_scripts	analysis_code	MISSING		output/C2_3_CC_DEPLETION_SUMMARY.tsv	producer script for this frozen table is NOT present in the workspace; the frozen table is retained as-is; script NOT re-created and NOT invented
-	producer_scripts	analysis_code	MISSING		output/C2_4_COUTURIER_SAMPLE_ROLES.tsv	producer script for this frozen table is NOT present in the workspace; the frozen table is retained as-is; script NOT re-created and NOT invented
-	producer_scripts	analysis_code	MISSING		output/C2_4_QC_NEFTEL_10X.tsv	producer script for this frozen table is NOT present in the workspace; the frozen table is retained as-is; script NOT re-created and NOT invented
-	producer_scripts	analysis_code	MISSING		output/C2_4_QC_NEFTEL_SS2.tsv	producer script for this frozen table is NOT present in the workspace; the frozen table is retained as-is; script NOT re-created and NOT invented
-	producer_scripts	analysis_code	MISSING		output/C2_DATASET_CANDIDATES.tsv	producer script for this frozen table is NOT present in the workspace; the frozen table is retained as-is; script NOT re-created and NOT invented
-	producer_scripts	analysis_code	MISSING		output/C2_NEFTEL_PATIENT_CROSSWALK.tsv	producer script for this frozen table is NOT present in the workspace; the frozen table is retained as-is; script NOT re-created and NOT invented
-	producer_scripts	analysis_code	MISSING		output/C2_couturier_layerA_alt_state_tests.tsv	producer script for this frozen table is NOT present in the workspace; the frozen table is retained as-is; script NOT re-created and NOT invented
-	producer_scripts	analysis_code	MISSING		output/C2_couturier_layerA_state_tests.tsv	producer script for this frozen table is NOT present in the workspace; the frozen table is retained as-is; script NOT re-created and NOT invented
-	producer_scripts	analysis_code	MISSING		output/C2_couturier_layerA_state_tests_all.tsv	producer script for this frozen table is NOT present in the workspace; the frozen table is retained as-is; script NOT re-created and NOT invented
-	producer_scripts	analysis_code	MISSING		output/C2_ss2_state_tests_unified.tsv	producer script for this frozen table is NOT present in the workspace; the frozen table is retained as-is; script NOT re-created and NOT invented
-	producer_scripts	analysis_code	MISSING		output/C4_CLAIM_FIGURE_MATRIX.tsv	producer script for this frozen table is NOT present in the workspace; the frozen table is retained as-is; script NOT re-created and NOT invented
-	producer_scripts	analysis_code	MISSING		output/C4_MASTER_EVIDENCE.tsv	producer script for this frozen table is NOT present in the workspace; the frozen table is retained as-is; script NOT re-created and NOT invented
-	producer_scripts	analysis_code	MISSING		output/C4_NEGATIVE_RESULTS.tsv	producer script for this frozen table is NOT present in the workspace; the frozen table is retained as-is; script NOT re-created and NOT invented
-	producer_scripts	analysis_code	MISSING		output/GSE324656_FILE_INVENTORY.tsv	producer script for this frozen table is NOT present in the workspace; the frozen table is retained as-is; script NOT re-created and NOT invented
-	producer_scripts	analysis_code	MISSING		output/GSE324656_NOVELTY_MATRIX.tsv	producer script for this frozen table is NOT present in the workspace; the frozen table is retained as-is; script NOT re-created and NOT invented
-	producer_scripts	analysis_code	MISSING		output/GSE324656_SAMPLE_METADATA.tsv	producer script for this frozen table is NOT present in the workspace; the frozen table is retained as-is; script NOT re-created and NOT invented
-	figures	figure_assembly_code	MISSING		-	no figure-assembly script for Fig1-Fig5 is retained in the workspace; must not be fabricated
-	license	license	MISSING		-	LICENSE not selected; requires author decision (see docs/LICENSE_TO_BE_SELECTED_BY_AUTHORS.txt)
-	repository	doi	MISSING		-	no GitHub/Zenodo DOI assigned or reserved; repository DOI must NOT be fabricated; assign at submission time
-	genesets	external_gene_set_library	NOT_REDISTRIBUTED		b3_gslib_HALLMARK.gmt	external MSigDB/GO gene-set library cached locally (sha256=37dec27de222850839999c087ee3eede8fd1179c52b45fe5734f727fa21d601c, 44286 bytes); deliberately NOT redistributed; obtain from the original provider and re-cache under the same filename
-	genesets	external_gene_set_library	NOT_REDISTRIBUTED		b3_gslib_REACTOME.gmt	external MSigDB/GO gene-set library cached locally (sha256=c3ea9df73ad5a442069daaf7fb2b6c69995cf1450c86e7fe574daecbf62408d8, 752852 bytes); deliberately NOT redistributed; obtain from the original provider and re-cache under the same filename
-	genesets	external_gene_set_library	NOT_REDISTRIBUTED		b3_gslib_GOBP.gmt	external MSigDB/GO gene-set library cached locally (sha256=5318d0920aec9a34c1d0f91e77b6b3cbb6895a798f8022ee7eb3f30f32cf0811, 1509840 bytes); deliberately NOT redistributed; obtain from the original provider and re-cache under the same filename
CODE_RELEASE/README.md	root	documentation	INCLUDED	a90dd19654717e8e8d599a5ce670b03692a9f1a49a209e0ad5e487afc84706d1	workspace	added during F2 package-hygiene pass (was not listed in the initial manifest)
CODE_RELEASE/docs/LICENSE_TO_BE_SELECTED_BY_AUTHORS.txt	root	other	INCLUDED	638b1cf28ff467f082b3227454d943e81f05bf7ea8fc4addf659bf8358bf2ed7	workspace	added during F2 package-hygiene pass (was not listed in the initial manifest)
CODE_RELEASE/genesets/README_genesets.md	genesets	gene_set_definition	INCLUDED	6402df96ce56ec607102546b88ac83ed35c4e9402c50a6907c9dde118223f274	workspace	added during F2 package-hygiene pass (was not listed in the initial manifest)
